"y","x1","x2","i"
6,0.731238537255801,-0.5,"1"
7,0.843809578709267,-0.470588235294118,"1"
4,0.480536308320946,-0.441176470588235,"1"
5,0.63910259743238,-0.411764705882353,"1"
5,0.648906519001008,-0.382352941176471,"1"
6,0.780258145098938,-0.352941176470588,"1"
10,1.13061248251156,-0.323529411764706,"1"
5,0.67831828370689,-0.294117647058824,"1"
5,0.688122205275517,-0.264705882352941,"1"
9,1.08978390344556,-0.235294117647059,"1"
8,1.02106580124326,-0.205882352941176,"1"
5,0.7175339699814,-0.176470588235294,"1"
13,1.36434552156832,-0.147058823529412,"1"
9,1.12899958972007,-0.117647058823529,"1"
5,0.746945734687282,-0.0882352941176471,"1"
8,1.0700854090864,-0.0588235294117647,"1"
13,1.40356120784283,-0.0294117647058824,"1"
9,1.16821527599458,0,"1"
10,1.24825954133509,0.0294117647058824,"1"
6,0.917513047059722,0.0588235294117647,"1"
5,0.805769264099047,0.0882352941176471,"1"
7,1.03988801008182,0.117647058823529,"1"
10,1.2874752276096,0.147058823529412,"1"
7,1.05949585321907,0.176470588235294,"1"
6,0.96653265490286,0.205882352941176,"1"
9,1.2466466485436,0.235294117647059,"1"
10,1.32669091388411,0.264705882352941,"1"
6,0.995944419608742,0.294117647058823,"1"
11,1.40983887689091,0.323529411764706,"1"
10,1.35610267858999,0.352941176470588,"1"
11,1.42944672002817,0.382352941176471,"1"
9,1.30547017795536,0.411764705882353,"1"
6,1.04496402745188,0.441176470588235,"1"
9,1.32507802109262,0.470588235294118,"1"
11,1.46866240630268,0.5,"1"
9,0.886734321655471,-0.5,"2"
10,0.966778586995982,-0.470588235294118,"2"
6,0.636032092720616,-0.441176470588235,"2"
3,0.183737893915946,-0.411764705882353,"2"
6,0.655639935857871,-0.382352941176471,"2"
8,0.857231905727685,-0.352941176470588,"2"
9,0.945557851067235,-0.323529411764706,"2"
10,1.02560211640775,-0.294117647058824,"2"
5,0.573307917603077,-0.264705882352941,"2"
3,0.242561423327711,-0.235294117647059,"2"
7,0.817230585154474,-0.205882352941176,"2"
8,0.91605543513945,-0.176470588235294,"2"
7,0.836838428291729,-0.147058823529412,"2"
3,0.281777109602221,-0.117647058823529,"2"
8,0.945467199845332,-0.0882352941176471,"2"
3,0.301384952739476,-0.0588235294117647,"2"
8,0.965075042982587,-0.0294117647058824,"2"
13,1.29855084173902,0,"2"
8,0.984682886119842,0.0294117647058824,"2"
9,1.07300883145939,0.0588235294117647,"2"
9,1.08281275302802,0.0882352941176471,"2"
13,1.33776652801353,0.117647058823529,"2"
10,1.17266093993716,0.147058823529412,"2"
7,0.944681565546631,0.176470588235294,"2"
8,1.04350641553161,0.205882352941176,"2"
10,1.20207270464304,0.235294117647059,"2"
7,0.974093330252513,0.264705882352941,"2"
8,1.07291818023749,0.294117647058823,"2"
8,1.08272210180612,0.323529411764706,"2"
13,1.41619790056254,0.352941176470588,"2"
6,0.910541896642184,0.382352941176471,"2"
6,0.920345818210812,0.411764705882353,"2"
9,1.20045981185155,0.441176470588235,"2"
7,1.04272078123291,0.470588235294118,"2"
13,1.46521750840568,0.5,"2"
6,0.626241540944951,-0.5,"3"
7,0.738812582398417,-0.470588235294118,"3"
8,0.837637432383393,-0.441176470588235,"3"
7,0.758420425535672,-0.411764705882353,"3"
11,1.069547762933,-0.382352941176471,"3"
7,0.778028268672927,-0.352941176470588,"3"
5,0.563517365827413,-0.323529411764706,"3"
4,0.424558919853234,-0.294117647058824,"3"
7,0.80744003337881,-0.264705882352941,"3"
9,0.984786907134708,-0.235294117647059,"3"
7,0.827047876516064,-0.205882352941176,"3"
9,1.00439475027196,-0.176470588235294,"3"
10,1.08443901561247,-0.147058823529412,"3"
5,0.632144816807805,-0.117647058823529,"3"
4,0.493186370833626,-0.0882352941176471,"3"
4,0.502990292402253,-0.0588235294117647,"3"
3,0.321006165669693,-0.0294117647058824,"3"
5,0.671360503082315,0,"3"
11,1.20680266489379,0.0294117647058824,"3"
11,1.21660658646242,0.0588235294117647,"3"
8,1.01410802061869,0.0882352941176471,"3"
3,0.370025773512831,0.117647058823529,"3"
7,0.944694935339594,0.147058823529412,"3"
6,0.851731737023382,0.176470588235294,"3"
7,0.964302778476849,0.205882352941176,"3"
7,0.974106700045476,0.235294117647059,"3"
12,1.34324162210256,0.264705882352941,"3"
13,1.40640734878688,0.294117647058823,"3"
7,1.00351846475136,0.323529411764706,"3"
13,1.42601519192413,0.352941176470588,"3"
5,0.798811483474471,0.382352941176471,"3"
5,0.808615405043099,0.411764705882353,"3"
5,0.818419326611726,0.441176470588235,"3"
5,0.828223248180354,0.470588235294118,"3"
6,0.959574874278284,0.5,"3"
10,0.862919062169043,-0.5,"4"
6,0.532172567893677,-0.470588235294118,"4"
6,0.541976489462304,-0.441176470588235,"4"
5,0.430232706501628,-0.411764705882353,"4"
7,0.664351452484398,-0.382352941176471,"4"
9,0.841698326240296,-0.352941176470588,"4"
8,0.772980224038001,-0.323529411764706,"4"
4,0.320686025233332,-0.294117647058824,"4"
6,0.600800018874069,-0.264705882352941,"4"
9,0.880914012514806,-0.235294117647059,"4"
7,0.723174981896162,-0.205882352941176,"4"
5,0.508664079050648,-0.176470588235294,"4"
7,0.742782825033417,-0.147058823529412,"4"
10,0.9903700425612,-0.117647058823529,"4"
6,0.659623548285833,-0.0882352941176471,"4"
12,1.13152559022776,-0.0588235294117647,"4"
6,0.679231391423088,-0.0294117647058824,"4"
5,0.567487608462413,0,"4"
13,1.21429916004933,0.0294117647058824,"4"
6,0.708643156128971,0.0588235294117647,"4"
4,0.448137005625489,0.0882352941176471,"4"
8,0.920039047567413,0.117647058823529,"4"
8,0.92984296913604,0.147058823529412,"4"
2,0.015450649958074,0.176470588235294,"4"
9,1.02797283604422,0.205882352941176,"4"
5,0.645918981011432,0.235294117647059,"4"
7,0.880037726994202,0.264705882352941,"4"
14,1.35193976893613,0.294117647058823,"4"
8,0.988666498547805,0.323529411764706,"4"
6,0.806682371815245,0.352941176470588,"4"
4,0.546176221311763,0.382352941176471,"4"
7,0.929057334837339,0.411764705882353,"4"
8,1.02788218482231,0.441176470588235,"4"
7,0.948665177974594,0.470588235294118,"4"
10,1.19625239550238,0.5,"4"
9,0.850828111734627,-0.5,"5"
7,0.693089081115984,-0.470588235294118,"5"
7,0.702893002684611,-0.441176470588235,"5"
6,0.6099298043684,-0.411764705882353,"5"
5,0.498186021407724,-0.382352941176471,"5"
7,0.732304767390493,-0.352941176470588,"5"
3,0.177243448700985,-0.323529411764706,"5"
13,1.1646054161319,-0.294117647058824,"5"
9,0.929259484283647,-0.264705882352941,"5"
8,0.860541382081352,-0.235294117647059,"5"
5,0.557009550819489,-0.205882352941176,"5"
2,-0.0440470155279871,-0.176470588235294,"5"
4,0.427855026413937,-0.147058823529412,"5"
7,0.810736139939513,-0.117647058823529,"5"
8,0.909560989924489,-0.0882352941176471,"5"
3,0.265478742818632,-0.0588235294117647,"5"
12,1.19947890513385,-0.0294117647058824,"5"
7,0.849951826214023,0,"5"
10,1.09753904374181,0.0294117647058824,"5"
8,0.958580597767626,0.0588235294117647,"5"
9,1.04690654310718,0.0882352941176471,"5"
3,0.324302272230397,0.117647058823529,"5"
10,1.13675473001632,0.147058823529412,"5"
6,0.806008235740949,0.176470588235294,"5"
9,1.08612222938169,0.205882352941176,"5"
12,1.2877141992515,0.235294117647059,"5"
12,1.29751812082013,0.264705882352941,"5"
9,1.11553399408757,0.294117647058823,"5"
10,1.19557825942808,0.323529411764706,"5"
7,0.967598885037552,0.352941176470588,"5"
1,-0.319870626097362,0.382352941176471,"5"
3,0.422341487916672,0.411764705882353,"5"
2,0.161835337413189,0.441176470588235,"5"
4,0.633737379355114,0.470588235294118,"5"
4,0.643541300923741,0.5,"5"
11,0.310113344326305,-0.5,"6"
8,0.107614778482576,-0.470588235294118,"6"
6,-0.0743693482499839,-0.441176470588235,"6"
6,-0.0645654266813565,-0.411764705882353,"6"
5,-0.176309209642032,-0.382352941176471,"6"
10,0.295592832299892,-0.352941176470588,"6"
4,-0.305463734047584,-0.323529411764706,"6"
10,0.315200675437147,-0.294117647058824,"6"
3,-0.477643939211516,-0.264705882352941,"6"
9,0.264568174802518,-0.235294117647059,"6"
6,0.00406202429903566,-0.205882352941176,"6"
7,0.116633065752502,-0.176470588235294,"6"
8,0.215457915737478,-0.147058823529412,"6"
5,-0.0880739155243851,-0.117647058823529,"6"
11,0.447368246287089,-0.0882352941176471,"6"
8,0.24486968044336,-0.0588235294117647,"6"
6,0.0628855537108004,-0.0294117647058824,"6"
6,0.0726894752794278,0,"6"
4,-0.187816675224054,0.0294117647058824,"6"
5,-0.0292503861126204,0.0588235294117647,"6"
6,0.10210123998531,0.0882352941176471,"6"
6,0.111905161553938,0.117647058823529,"6"
7,0.224476203007404,0.147058823529412,"6"
6,0.131513004691193,0.176470588235294,"6"
4,-0.12899314581229,0.205882352941176,"6"
8,0.342908896129635,0.235294117647059,"6"
7,0.263691889281914,0.264705882352941,"6"
4,-0.0995813811064073,0.294117647058823,"6"
6,0.18053261253433,0.323529411764706,"6"
9,0.460646606175067,0.352941176470588,"6"
12,0.662238576044882,0.382352941176471,"6"
6,0.209944377240212,0.411764705882353,"6"
8,0.411536347110027,0.441176470588235,"6"
8,0.421340268678654,0.470588235294118,"6"
7,0.342123261830933,0.5,"6"
9,0.69217698177113,-0.5,"7"
6,0.431670831267647,-0.470588235294118,"7"
11,0.845565288549819,-0.441176470588235,"7"
4,0.180968602332793,-0.411764705882353,"7"
9,0.73139266804564,-0.382352941176471,"7"
4,0.200576445470048,-0.352941176470588,"7"
3,0.018592318737488,-0.323529411764706,"7"
9,0.760804432751522,-0.294117647058824,"7"
8,0.692086330549227,-0.264705882352941,"7"
11,0.914192739530211,-0.235294117647059,"7"
8,0.711694173686482,-0.205882352941176,"7"
7,0.632477166838761,-0.176470588235294,"7"
4,0.26920389645044,-0.147058823529412,"7"
10,0.889868305935171,-0.117647058823529,"7"
8,0.750909859960991,-0.0882352941176471,"7"
8,0.760713781529619,-0.0588235294117647,"7"
5,0.457181950267756,-0.0294117647058824,"7"
10,0.929083992209681,0,"7"
7,0.701104617819153,0.0294117647058824,"7"
4,0.337831347430832,0.0588235294117647,"7"
13,1.13340526656056,0.0882352941176471,"7"
9,0.898059334712306,0.117647058823529,"7"
6,0.637553184208824,0.147058823529412,"7"
6,0.647357105777451,0.176470588235294,"7"
7,0.759928147230918,0.205882352941176,"7"
5,0.545417244385403,0.235294117647059,"7"
7,0.779535990368173,0.264705882352941,"7"
8,0.878360840353148,0.294117647058823,"7"
9,0.966686785692698,0.323529411764706,"7"
6,0.706180635189216,0.352941176470588,"7"
8,0.907772605059031,0.382352941176471,"7"
12,1.18788659869977,0.411764705882353,"7"
12,1.1976905202684,0.441176470588235,"7"
7,0.848163441348565,0.470588235294118,"7"
7,0.857967362917192,0.5,"7"
10,0.169399095802653,-0.5,"8"
7,-0.058580278587875,-0.470588235294118,"8"
3,-0.613641597277383,-0.441176470588235,"8"
8,0.0500484929657282,-0.411764705882353,"8"
9,0.138374438305278,-0.382352941176471,"8"
8,0.0696563361029831,-0.352941176470588,"8"
5,-0.23387549515888,-0.323529411764706,"8"
8,0.089264179240238,-0.294117647058824,"8"
8,0.0990681008088655,-0.264705882352941,"8"
5,-0.204463730452997,-0.235294117647059,"8"
4,-0.343422176427176,-0.205882352941176,"8"
8,0.128479865514748,-0.176470588235294,"8"
9,0.216805810854298,-0.147058823529412,"8"
8,0.148087708652003,-0.117647058823529,"8"
7,0.0688707018042818,-0.0882352941176471,"8"
7,0.0786746233729093,-0.0588235294117647,"8"
4,-0.284598647015412,-0.0294117647058824,"8"
9,0.265825418697435,0,"8"
4,-0.264990803878157,0.0294117647058824,"8"
12,0.477221310135877,0.0588235294117647,"8"
5,-0.0966205931980954,0.0882352941176471,"8"
7,0.137498152784674,0.117647058823529,"8"
10,0.385085370312457,0.147058823529412,"8"
10,0.394889291881084,0.176470588235294,"8"
7,0.166909917490556,0.205882352941176,"8"
9,0.344256791246455,0.235294117647059,"8"
5,-0.0377970637863307,0.264705882352941,"8"
7,0.196321682196439,0.294117647058823,"8"
9,0.373668555952337,0.323529411764706,"8"
7,0.215929525333694,0.352941176470588,"8"
11,0.527056862731026,0.382352941176471,"8"
8,0.324558296887297,0.411764705882353,"8"
9,0.412884242226847,0.441176470588235,"8"
9,0.422688163795474,0.470588235294118,"8"
10,0.502732429135986,0.5,"8"
10,0.077514787618466,-0.5,"9"
6,-0.2532317066569,-0.470588235294118,"9"
6,-0.243427785088273,-0.441176470588235,"9"
6,-0.233623863519646,-0.411764705882353,"9"
9,0.0464901301210916,-0.382352941176471,"9"
8,-0.0222279720812035,-0.352941176470588,"9"
9,0.0660979732583465,-0.323529411764706,"9"
9,0.0759018948269739,-0.294117647058824,"9"
6,-0.184604255676508,-0.264705882352941,"9"
8,0.0169877141933063,-0.235294117647059,"9"
7,-0.0622292926544146,-0.205882352941176,"9"
9,0.115117581101484,-0.176470588235294,"9"
13,0.370071356086989,-0.147058823529412,"9"
6,-0.135584647833371,-0.117647058823529,"9"
9,0.144529345807366,-0.0882352941176471,"9"
10,0.224573611147878,-0.0588235294117647,"9"
7,-0.00340576324264989,-0.0294117647058824,"9"
8,0.0954190867423259,0,"9"
10,0.25398537585376,0.0294117647058824,"9"
11,0.327329417291937,0.0588235294117647,"9"
6,-0.0669571968529789,0.0882352941176471,"9"
10,0.283397140559642,0.117647058823529,"9"
7,0.0554177661691148,0.147058823529412,"9"
8,0.154242616154091,0.176470588235294,"9"
8,0.164046537722718,0.205882352941176,"9"
8,0.173850459291345,0.235294117647059,"9"
7,0.0946334524436246,0.264705882352941,"9"
8,0.1934583024286,0.294117647058823,"9"
7,0.11424129558088,0.323529411764706,"9"
9,0.291588169336778,0.352941176470588,"9"
4,-0.239228053238814,0.382352941176471,"9"
8,0.23267398870311,0.411764705882353,"9"
7,0.153456981855389,0.441176470588235,"9"
6,0.0604937835391779,0.470588235294118,"9"
9,0.340607777179915,0.5,"9"
8,0.0714531630058331,-0.5,"10"
7,-0.00776384384188777,-0.470588235294118,"10"
4,-0.371037114230209,-0.441176470588235,"10"
5,-0.212470825118775,-0.411764705882353,"10"
11,0.3229713366927,-0.382352941176471,"10"
10,0.269235138391777,-0.352941176470588,"10"
7,0.0412557640012495,-0.323529411764706,"10"
12,0.410390686058335,-0.294117647058824,"10"
6,-0.0419035127463345,-0.264705882352941,"10"
10,0.308450824666287,-0.235294117647059,"10"
12,0.439802450764217,-0.205882352941176,"10"
3,-0.474589868413749,-0.176470588235294,"10"
10,0.337862589372169,-0.147058823529412,"10"
6,0.00711609509680278,-0.117647058823529,"10"
6,0.0169200166654302,-0.0882352941176471,"10"
6,0.0267239382340577,-0.0588235294117647,"10"
6,0.0365278598026851,-0.0294117647058824,"10"
10,0.386882197215307,0,"10"
9,0.32644577501205,0.0294117647058824,"10"
6,0.0659396245085675,0.0588235294117647,"10"
10,0.416293961921189,0.0882352941176471,"10"
5,-0.0360002368834807,0.117647058823529,"10"
7,0.198118509099289,0.147058823529412,"10"
3,-0.356942809590219,0.176470588235294,"10"
7,0.217726352236544,0.205882352941176,"10"
8,0.316551202221519,0.235294117647059,"10"
8,0.326355123790147,0.264705882352941,"10"
9,0.414681069129697,0.294117647058823,"10"
8,0.345962966927402,0.323529411764706,"10"
5,0.0424311356655389,0.352941176470588,"10"
5,0.0522350572341663,0.382352941176471,"10"
12,0.645684803705394,0.411764705882353,"10"
5,0.0718429003714212,0.441176470588235,"10"
6,0.203194526469352,0.470588235294118,"10"
13,0.728458373526967,0.5,"10"
7,0.6398227325248,-0.5,"11"
7,0.649626654093427,-0.470588235294118,"11"
11,0.96075399149076,-0.441176470588235,"11"
8,0.758255425647031,-0.411764705882353,"11"
5,0.454723594385168,-0.382352941176471,"11"
3,0.123977100109801,-0.352941176470588,"11"
10,0.936429557895719,-0.323529411764706,"11"
6,0.605683063620353,-0.294117647058824,"11"
10,0.956037401032975,-0.264705882352941,"11"
5,0.503743202228305,-0.235294117647059,"11"
5,0.513547123796932,-0.205882352941176,"11"
6,0.644898749894863,-0.176470588235294,"11"
5,0.533154966934187,-0.147058823529412,"11"
13,1.17996651852111,-0.117647058823529,"11"
9,0.944620586672855,-0.0882352941176471,"11"
10,1.02466485201337,-0.0588235294117647,"11"
4,0.423608285665891,-0.0294117647058824,"11"
10,1.04427269515062,0,"11"
5,0.591978496345952,0.0294117647058824,"11"
13,1.23879004793287,0.0588235294117647,"11"
6,0.73313404401251,0.0882352941176471,"11"
8,0.934726013882325,0.117647058823529,"11"
11,1.15683242286331,0.147058823529412,"11"
6,0.762545808718392,0.176470588235294,"11"
4,0.50203965821491,0.205882352941176,"11"
4,0.511843579783538,0.235294117647059,"11"
5,0.670409868894971,0.264705882352941,"11"
3,0.339663374619605,0.294117647058823,"11"
7,0.914332536446368,0.323529411764706,"11"
9,1.09167941020227,0.352941176470588,"11"
7,0.933940379583623,0.382352941176471,"11"
10,1.18152759711141,0.411764705882353,"11"
8,1.04256915113723,0.441176470588235,"11"
8,1.05237307270585,0.470588235294118,"11"
10,1.21093936181729,0.5,"11"
8,0.582395943418567,-0.5,"12"
10,0.740962232530001,-0.470588235294118,"12"
5,0.288668033725331,-0.441176470588235,"12"
5,0.298471955293959,-0.411764705882353,"12"
6,0.429823581391889,-0.382352941176471,"12"
9,0.709937575032626,-0.352941176470588,"12"
4,0.179121352457035,-0.323529411764706,"12"
4,0.188925274025662,-0.294117647058824,"12"
8,0.660827315967586,-0.264705882352941,"12"
13,0.994303114724014,-0.235294117647059,"12"
9,0.758957182875764,-0.205882352941176,"12"
8,0.690239080673469,-0.176470588235294,"12"
12,0.970353074314206,-0.147058823529412,"12"
10,0.85860929135353,-0.117647058823529,"12"
4,0.257552725006054,-0.0882352941176471,"12"
10,0.878217134490785,-0.0588235294117647,"12"
11,0.951561175928962,-0.0294117647058824,"12"
12,1.01937268215734,0,"12"
10,0.907628899196668,0.0294117647058824,"12"
7,0.67964952480614,0.0588235294117647,"12"
6,0.586686326489929,0.0882352941176471,"12"
9,0.866800320130666,0.117647058823529,"12"
11,1.01038470534073,0.147058823529412,"12"
4,0.345788019123701,0.176470588235294,"12"
9,0.896212084836548,0.205882352941176,"12"
7,0.738473054217905,0.235294117647059,"12"
8,0.83729790420288,0.264705882352941,"12"
8,0.847101825771508,0.294117647058823,"12"
6,0.665117699038948,0.323529411764706,"12"
10,1.01547203645157,0.352941176470588,"12"
8,0.87651359047739,0.382352941176471,"12"
8,0.886317512046018,0.411764705882353,"12"
12,1.16643150568675,0.441176470588235,"12"
11,1.11822784259563,0.470588235294118,"12"
6,0.723941228450713,0.5,"12"
8,0.41144947978648,-0.5,"13"
14,0.794330593312056,-0.470588235294118,"13"
3,-0.222828845750749,-0.441176470588235,"13"
6,0.249073196191175,-0.411764705882353,"13"
11,0.662967653473346,-0.382352941176471,"13"
8,0.460469087629617,-0.352941176470588,"13"
9,0.548795032969167,-0.323529411764706,"13"
6,0.288288882465685,-0.294117647058824,"13"
10,0.638643219878306,-0.264705882352941,"13"
6,0.30789672560294,-0.235294117647059,"13"
9,0.588010719243677,-0.205882352941176,"13"
9,0.597814640812304,-0.176470588235294,"13"
7,0.440075610193661,-0.147058823529412,"13"
5,0.225564707348146,-0.117647058823529,"13"
5,0.235368628916774,-0.0882352941176471,"13"
9,0.637030327086814,-0.0588235294117647,"13"
5,0.254976472054029,-0.0294117647058824,"13"
7,0.489095218036798,0,"13"
7,0.498899139605425,0.0294117647058824,"13"
9,0.676246013361324,0.0588235294117647,"13"
8,0.607527911159029,0.0882352941176471,"13"
10,0.766094200270463,0.117647058823529,"13"
4,0.165037633922987,0.147058823529412,"13"
9,0.715461699635834,0.176470588235294,"13"
6,0.454955549132351,0.205882352941176,"13"
8,0.656547519002166,0.235294117647059,"13"
7,0.577330512154445,0.264705882352941,"13"
9,0.754677385910343,0.294117647058823,"13"
9,0.764481307478971,0.323529411764706,"13"
8,0.695763205276676,0.352941176470588,"13"
11,0.91786961425766,0.382352941176471,"13"
9,0.793893072184853,0.411764705882353,"13"
7,0.63615404156621,0.441176470588235,"13"
9,0.813500915322108,0.470588235294118,"13"
7,0.655761884703465,0.5,"13"
6,0.0316521085539234,-0.5,"14"
7,0.14422315000739,-0.470588235294118,"14"
11,0.455350487404722,-0.441176470588235,"14"
10,0.4016142891038,-0.411764705882353,"14"
7,0.173634914713272,-0.382352941176471,"14"
7,0.1834388362819,-0.352941176470588,"14"
10,0.431026053809682,-0.323529411764706,"14"
5,-0.0212681449949875,-0.294117647058824,"14"
8,0.30187152940413,-0.264705882352941,"14"
4,-0.150422669400539,-0.235294117647059,"14"
6,0.129691324240198,-0.205882352941176,"14"
7,0.242262365693664,-0.176470588235294,"14"
7,0.252066287262292,-0.147058823529412,"14"
11,0.563193624659624,-0.117647058823529,"14"
9,0.439217082586817,-0.0882352941176471,"14"
7,0.281478051968174,-0.0588235294117647,"14"
8,0.38030290195315,-0.0294117647058824,"14"
9,0.4686288472927,0,"14"
8,0.399910745090405,0.0294117647058824,"14"
9,0.488236690429955,0.0588235294117647,"14"
8,0.41951858822766,0.0882352941176471,"14"
12,0.699632581868397,0.117647058823529,"14"
4,-0.0229716890083822,0.147058823529412,"14"
6,0.257142304632355,0.176470588235294,"14"
8,0.458734274502169,0.205882352941176,"14"
9,0.547060219841719,0.235294117647059,"14"
11,0.690644605051781,0.264705882352941,"14"
5,0.174810286377561,0.294117647058823,"14"
6,0.306161912475492,0.323529411764706,"14"
11,0.720056369757663,0.352941176470588,"14"
9,0.596079827684857,0.382352941176471,"14"
7,0.438340797066213,0.411764705882353,"14"
3,-0.116720521623295,0.441176470588235,"14"
6,0.355181520318629,0.470588235294118,"14"
3,-0.09711267848604,0.5,"14"
5,0.627547303035696,-0.5,"15"
8,0.950686977434814,-0.470588235294118,"15"
10,1.10925326654625,-0.441176470588235,"15"
7,0.88127389215572,-0.411764705882353,"15"
4,0.518000621767399,-0.382352941176471,"15"
4,0.527804543336027,-0.352941176470588,"15"
7,0.910685656861602,-0.323529411764706,"15"
9,1.0880325306175,-0.294117647058824,"15"
8,1.01931442841521,-0.264705882352941,"15"
5,0.715782597153343,-0.235294117647059,"15"
7,0.949901343136112,-0.205882352941176,"15"
8,1.04872619312109,-0.176470588235294,"15"
4,0.596431994316419,-0.147058823529412,"15"
7,0.979313107841995,-0.117647058823529,"15"
9,1.15665998159789,-0.0882352941176471,"15"
8,1.0879418793956,-0.0588235294117647,"15"
5,0.784410048133735,-0.0294117647058824,"15"
8,1.10754972253285,0,"15"
6,0.925565595800293,0.0294117647058824,"15"
8,1.12715756567011,0.0588235294117647,"15"
11,1.34926397465109,0.0882352941176471,"15"
4,0.684667288434066,0.117647058823529,"15"
6,0.964781282074803,0.147058823529412,"15"
5,0.853037499114127,0.176470588235294,"15"
9,1.25469919728417,0.205882352941176,"15"
8,1.18598109508187,0.235294117647059,"15"
7,1.10676408823415,0.264705882352941,"15"
8,1.20558893821913,0.294117647058823,"15"
5,0.902057106957264,0.323529411764706,"15"
7,1.13617585294003,0.352941176470588,"15"
3,0.581114534250526,0.382352941176471,"15"
7,1.15578369607729,0.411764705882353,"15"
5,0.941272793231774,0.441176470588235,"15"
7,1.17539153921454,0.470588235294118,"15"
6,1.08242834089833,0.5,"15"
6,0.585281957039115,-0.5,"16"
9,0.865395950679852,-0.470588235294118,"16"
13,1.12034972566536,-0.441176470588235,"16"
5,0.493146017215694,-0.411764705882353,"16"
10,0.965048059157619,-0.382352941176471,"16"
7,0.737068684767091,-0.352941176470588,"16"
9,0.91441555852299,-0.323529411764706,"16"
5,0.532361703490204,-0.294117647058824,"16"
11,1.06780386530168,-0.264705882352941,"16"
10,1.01406766700076,-0.235294117647059,"16"
6,0.68332117272539,-0.205882352941176,"16"
10,1.03367551013801,-0.176470588235294,"16"
7,0.805696135747483,-0.147058823529412,"16"
10,1.05328335327527,-0.117647058823529,"16"
14,1.28740209925804,-0.0882352941176471,"16"
9,1.00265085264064,-0.0588235294117647,"16"
5,0.620596997607851,-0.0294117647058824,"16"
6,0.751948623705782,0,"16"
4,0.4914424732023,0.0294117647058824,"16"
8,0.963344515144224,0.0588235294117647,"16"
7,0.884127508296503,0.0882352941176471,"16"
14,1.35602955023843,0.117647058823529,"16"
4,0.530658159476809,0.147058823529412,"16"
12,1.27287027349084,0.176470588235294,"16"
9,1.09088614675828,0.205882352941176,"16"
8,1.02216804455599,0.235294117647059,"16"
5,0.718636213294126,0.264705882352941,"16"
13,1.36544776488104,0.294117647058823,"16"
7,0.962558880845523,0.323529411764706,"16"
8,1.0613837308305,0.352941176470588,"16"
12,1.34149772447124,0.382352941176471,"16"
6,0.889203525666566,0.411764705882353,"16"
8,1.09079549553638,0.441176470588235,"16"
8,1.10059941710501,0.470588235294118,"16"
5,0.797067585843145,0.5,"16"
7,-0.176985487784716,-0.5,"17"
5,-0.391496390630231,-0.470588235294118,"17"
4,-0.53045483660441,-0.441176470588235,"17"
8,-0.0585527946624853,-0.411764705882353,"17"
15,0.370323566521058,-0.382352941176471,"17"
11,0.173357535887126,-0.352941176470588,"17"
6,-0.22092907825779,-0.323529411764706,"17"
9,0.059184915382947,-0.294117647058824,"17"
7,-0.0985541152356964,-0.264705882352941,"17"
8,0.000270734749279355,-0.235294117647059,"17"
5,-0.303261096512583,-0.205882352941176,"17"
3,-0.63400759078795,-0.176470588235294,"17"
10,0.178444866997968,-0.147058823529412,"17"
7,-0.0495345073925592,-0.117647058823529,"17"
9,0.127812366363339,-0.0882352941176471,"17"
9,0.137616287931967,-0.0588235294117647,"17"
8,0.0688981857296715,-0.0294117647058824,"17"
7,-0.0103188211180494,0,"17"
5,-0.224829723963564,0.0294117647058824,"17"
5,-0.215025802394936,0.0588235294117647,"17"
5,-0.205221880826309,0.0882352941176471,"17"
10,0.266680161115616,0.117647058823529,"17"
7,0.0387007867250879,0.147058823529412,"17"
6,-0.0542624115911235,0.176470588235294,"17"
5,-0.166006194551799,0.205882352941176,"17"
7,0.0681125514309702,0.235294117647059,"17"
4,-0.295160718957351,0.264705882352941,"17"
6,-0.0150467253166137,0.294117647058823,"17"
5,-0.126790508277289,0.323529411764706,"17"
5,-0.116986586708662,0.352941176470588,"17"
10,0.354915455233263,0.382352941176471,"17"
8,0.215957009259083,0.411764705882353,"17"
4,-0.236337189545586,0.441176470588235,"17"
6,0.043776804095151,0.470588235294118,"17"
8,0.245368773964966,0.5,"17"
11,0.680979299033371,-0.5,"18"
7,0.389459804773294,-0.470588235294118,"18"
6,0.296496606457082,-0.441176470588235,"18"
7,0.409067647910549,-0.411764705882353,"18"
10,0.656654865438331,-0.382352941176471,"18"
5,0.204360666633662,-0.352941176470588,"18"
3,-0.126385827641705,-0.323529411764706,"18"
5,0.223968509770916,-0.294117647058824,"18"
8,0.547108184170034,-0.264705882352941,"18"
4,0.0948139853653648,-0.235294117647059,"18"
6,0.374927979006102,-0.205882352941176,"18"
7,0.487499020459568,-0.176470588235294,"18"
6,0.394535822143357,-0.147058823529412,"18"
7,0.507106863596823,-0.117647058823529,"18"
10,0.754694081124606,-0.0882352941176471,"18"
6,0.423947586849239,-0.0588235294117647,"18"
5,0.312203803888563,-0.0294117647058824,"18"
10,0.784105845830488,0,"18"
5,0.331811647025818,0.0294117647058824,"18"
8,0.654951321424936,0.0588235294117647,"18"
7,0.575734314577215,0.0882352941176471,"18"
8,0.674559164562191,0.117647058823529,"18"
9,0.762885109901741,0.147058823529412,"18"
8,0.694167007699446,0.176470588235294,"18"
8,0.703970929268073,0.205882352941176,"18"
2,-0.210421389909893,0.235294117647059,"18"
6,0.531790724104141,0.264705882352941,"18"
7,0.644361765557607,0.294117647058823,"18"
9,0.821708639313506,0.323529411764706,"18"
9,0.831512560882133,0.352941176470588,"18"
10,0.911556826222645,0.382352941176471,"18"
5,0.459262627417975,0.411764705882353,"18"
7,0.693381373400745,0.441176470588235,"18"
7,0.703185294969372,0.470588235294118,"18"
6,0.610222096653161,0.5,"18"
9,0.387867575142918,-0.5,"19"
8,0.319149472940623,-0.470588235294118,"19"
11,0.541255881921607,-0.441176470588235,"19"
6,0.146969267776691,-0.411764705882353,"19"
16,0.810659358019803,-0.382352941176471,"19"
6,0.166577110913946,-0.352941176470588,"19"
6,0.176381032482573,-0.323529411764706,"19"
10,0.526735369895195,-0.294117647058824,"19"
11,0.600079411333372,-0.264705882352941,"19"
6,0.205792797188456,-0.235294117647059,"19"
8,0.40738476705827,-0.205882352941176,"19"
6,0.225400640325711,-0.176470588235294,"19"
11,0.639295097607882,-0.147058823529412,"19"
7,0.347775603347804,-0.117647058823529,"19"
11,0.658902940745137,-0.0882352941176471,"19"
12,0.726714446973518,-0.0588235294117647,"19"
7,0.377187368053687,-0.0294117647058824,"19"
14,0.849089409995611,0,"19"
8,0.48581613960729,0.0294117647058824,"19"
4,0.0335219408026207,0.0588235294117647,"19"
6,0.313635934443358,0.0882352941176471,"19"
7,0.426206975896824,0.117647058823529,"19"
10,0.673794193424607,0.147058823529412,"19"
7,0.445814819034079,0.176470588235294,"19"
4,0.0825415486457579,0.205882352941176,"19"
3,-0.0994425780868018,0.235294117647059,"19"
8,0.56424751215631,0.264705882352941,"19"
9,0.65257345749586,0.294117647058823,"19"
10,0.732617722836371,0.323529411764706,"19"
8,0.593659276862192,0.352941176470588,"19"
3,-0.0504229702436646,0.382352941176471,"19"
6,0.42147907169826,0.411764705882353,"19"
8,0.623071041568074,0.441176470588235,"19"
7,0.543854034720353,0.470588235294118,"19"
6,0.450890836404142,0.5,"19"
8,0.0930084585303309,-0.5,"20"
8,0.102812380098958,-0.470588235294118,"20"
7,0.0235953732512375,-0.441176470588235,"20"
5,-0.190915529594277,-0.411764705882353,"20"
11,0.344526632217197,-0.382352941176471,"20"
8,0.142028066373468,-0.352941176470588,"20"
3,-0.502054180732388,-0.323529411764706,"20"
6,-0.0301521387904641,-0.294117647058824,"20"
7,0.0824189026630022,-0.264705882352941,"20"
10,0.330006120190785,-0.235294117647059,"20"
8,0.191047674216605,-0.205882352941176,"20"
5,-0.112484157045257,-0.176470588235294,"20"
6,0.0188674690526732,-0.147058823529412,"20"
12,0.490769510994598,-0.117647058823529,"20"
11,0.442565847903472,-0.0882352941176471,"20"
13,0.563739159247543,-0.0588235294117647,"20"
7,0.160850275212022,-0.0294117647058824,"20"
12,0.529985197269107,0,"20"
14,0.642556238722574,0.0294117647058824,"20"
10,0.428045335877059,0.0588235294117647,"20"
9,0.367608913673803,0.0882352941176471,"20"
5,-0.0144449413589829,0.117647058823529,"20"
5,-0.00464101979035543,0.147058823529412,"20"
3,-0.335387514065722,0.176470588235294,"20"
4,-0.133795544195907,0.205882352941176,"20"
6,0.14631844944483,0.235294117647059,"20"
8,0.347910419314645,0.264705882352941,"20"
7,0.268693412466924,0.294117647058823,"20"
4,-0.0945798579213972,0.323529411764706,"20"
6,0.18553413571934,0.352941176470588,"20"
8,0.387126105589154,0.382352941176471,"20"
12,0.667240099229892,0.411764705882353,"20"
7,0.317713020310061,0.441176470588235,"20"
10,0.565300237837844,0.470588235294118,"20"
5,0.113006039033174,0.5,"20"
2,-0.31263417877574,-0.5,"21"
10,0.770128351082288,-0.470588235294118,"21"
6,0.439381856806922,-0.441176470588235,"21"
8,0.640973826676737,-0.411764705882353,"21"
13,0.974449625433165,-0.382352941176471,"21"
4,0.198483549440695,-0.352941176470588,"21"
6,0.478597543081432,-0.323529411764706,"21"
7,0.591168584534898,-0.294117647058824,"21"
9,0.768515458290796,-0.264705882352941,"21"
4,0.237699235715204,-0.235294117647059,"21"
6,0.517813229355941,-0.205882352941176,"21"
11,0.931707686638113,-0.176470588235294,"21"
5,0.415873367963893,-0.147058823529412,"21"
4,0.276914921989714,-0.117647058823529,"21"
7,0.65979603551529,-0.0882352941176471,"21"
4,0.296522765126969,-0.0588235294117647,"21"
8,0.768424807068893,-0.0294117647058824,"21"
8,0.778228728637521,0,"21"
10,0.936795017748955,0.0294117647058824,"21"
7,0.708815643358427,0.0588235294117647,"21"
5,0.494304740512913,0.0882352941176471,"21"
7,0.728423486495682,0.117647058823529,"21"
7,0.73822740806431,0.147058823529412,"21"
9,0.915574281820208,0.176470588235294,"21"
8,0.846856179617913,0.205882352941176,"21"
5,0.54332434835605,0.235294117647059,"21"
5,0.553128269924677,0.264705882352941,"21"
5,0.562932191493305,0.294117647058823,"21"
5,0.572736113061932,0.323529411764706,"21"
7,0.806854859044702,0.352941176470588,"21"
8,0.905679709029678,0.382352941176471,"21"
8,0.915483630598305,0.411764705882353,"21"
9,1.00380957593786,0.441176470588235,"21"
10,1.08385384127837,0.470588235294118,"21"
6,0.753107347003,0.5,"21"
9,1.0276847018591,-0.5,"22"
7,0.869945671240452,-0.470588235294118,"22"
6,0.77698247292424,-0.441176470588235,"22"
6,0.786786394492868,-0.411764705882353,"22"
7,0.899357435946334,-0.382352941176471,"22"
3,0.344296117256826,-0.352941176470588,"22"
9,1.08650823127086,-0.323529411764706,"22"
4,0.555692008695268,-0.294117647058824,"22"
6,0.835806002336005,-0.264705882352941,"22"
6,0.845609923904632,-0.235294117647059,"22"
6,0.85541384547326,-0.205882352941176,"22"
7,0.967984886926726,-0.176470588235294,"22"
8,1.0668097369117,-0.147058823529412,"22"
4,0.614515538107033,-0.117647058823529,"22"
6,0.89462953174777,-0.0882352941176471,"22"
9,1.17474352538851,-0.0588235294117647,"22"
7,1.01700449476986,-0.0294117647058824,"22"
9,1.19435136852576,0,"22"
10,1.27439563386627,0.0294117647058824,"22"
7,1.04641625947575,0.0588235294117647,"22"
8,1.14524110946072,0.0882352941176471,"22"
5,0.841709278198859,0.117647058823529,"22"
4,0.70275083222468,0.147058823529412,"22"
8,1.1746528741666,0.176470588235294,"22"
8,1.18445679573523,0.205882352941176,"22"
10,1.34302308484667,0.235294117647059,"22"
7,1.11504371045614,0.264705882352941,"22"
9,1.29239058421204,0.294117647058823,"22"
5,0.910336729179251,0.323529411764706,"22"
7,1.14445547516202,0.352941176470588,"22"
8,1.243280325147,0.382352941176471,"22"
7,1.16406331829928,0.411764705882353,"22"
7,1.1738672398679,0.441176470588235,"22"
5,0.959356337022388,0.470588235294118,"22"
6,1.09070796312032,0.5,"22"
11,0.279039826849786,-0.5,"23"
12,0.346851333078167,-0.470588235294118,"23"
11,0.298647669987041,-0.441176470588235,"23"
7,0.00712817572696341,-0.411764705882353,"23"
7,0.0169320972955909,-0.382352941176471,"23"
13,0.439428824468367,-0.352941176470588,"23"
15,0.54463330846411,-0.323529411764706,"23"
10,0.284127157960628,-0.294117647058824,"23"
10,0.293931079529256,-0.264705882352941,"23"
9,0.233494657325999,-0.235294117647059,"23"
9,0.243298578894626,-0.205882352941176,"23"
7,0.085559548275983,-0.176470588235294,"23"
13,0.50805627544876,-0.147058823529412,"23"
7,0.105167391413238,-0.117647058823529,"23"
7,0.114971312981865,-0.0882352941176471,"23"
7,0.124775234550493,-0.0588235294117647,"23"
10,0.372362452078275,-0.0294117647058824,"23"
7,0.144383077687748,0,"23"
11,0.45551041508508,0.0294117647058824,"23"
8,0.253011849241351,0.0588235294117647,"23"
6,0.0710277225087912,0.0882352941176471,"23"
7,0.183598763962258,0.117647058823529,"23"
9,0.360945637718156,0.147058823529412,"23"
7,0.203206607099512,0.176470588235294,"23"
4,-0.160066663288809,0.205882352941176,"23"
5,-0.00150037417737466,0.235294117647059,"23"
5,0.00830354739125279,0.264705882352941,"23"
8,0.331443221790371,0.294117647058823,"23"
4,-0.120850977014299,0.323529411764706,"23"
5,0.0377153120971352,0.352941176470588,"23"
8,0.360854986496253,0.382352941176471,"23"
15,0.789731347679797,0.411764705882353,"23"
8,0.380462829633508,0.441176470588235,"23"
5,0.076930998371645,0.470588235294118,"23"
9,0.478592696541685,0.5,"23"
9,0.124180744654574,-0.5,"24"
6,-0.136325405848908,-0.470588235294118,"24"
10,0.214028931563714,-0.441176470588235,"24"
5,-0.238265267240956,-0.411764705882353,"24"
7,-0.00414652125818667,-0.382352941176471,"24"
8,0.0946783287267891,-0.352941176470588,"24"
5,-0.208853502535074,-0.323529411764706,"24"
5,-0.199049580966446,-0.294117647058824,"24"
5,-0.189245659397819,-0.264705882352941,"24"
12,0.404204087073409,-0.235294117647059,"24"
5,-0.169637816260564,-0.205882352941176,"24"
5,-0.159833894691936,-0.176470588235294,"24"
6,-0.0284822685940059,-0.147058823529412,"24"
10,0.321872068818615,-0.117647058823529,"24"
10,0.331675990387243,-0.0882352941176471,"24"
13,0.516389421600864,-0.0588235294117647,"24"
11,0.414823953394048,-0.0294117647058824,"24"
7,0.12330445913397,0,"24"
8,0.222129309118946,0.0294117647058824,"24"
8,0.231933230687573,0.0588235294117647,"24"
9,0.320259176027123,0.0882352941176471,"24"
2,-0.672655166921765,0.117647058823529,"24"
8,0.261344995393456,0.147058823529412,"24"
8,0.271148916962083,0.176470588235294,"24"
9,0.359474862301633,0.205882352941176,"24"
9,0.369278783870261,0.235294117647059,"24"
6,0.108772633366778,0.264705882352941,"24"
9,0.388886627007516,0.294117647058823,"24"
8,0.32016852480522,0.323529411764706,"24"
11,0.542274933786205,0.352941176470588,"24"
9,0.418298391713398,0.382352941176471,"24"
7,0.260559361094754,0.411764705882353,"24"
9,0.437906234850653,0.441176470588235,"24"
8,0.369188132648358,0.470588235294118,"24"
7,0.289971125800637,0.5,"24"
4,0.541748730099317,-0.5,"25"
10,1.16241313958405,-0.470588235294118,"25"
11,1.23575718102222,-0.441176470588235,"25"
6,0.841470566877309,-0.411764705882353,"25"
8,1.04306253674712,-0.382352941176471,"25"
8,1.05286645831575,-0.352941176470588,"25"
4,0.600572259511081,-0.323529411764706,"25"
8,1.07247430145301,-0.294117647058824,"25"
7,0.993257294605285,-0.264705882352941,"25"
11,1.30438463200262,-0.235294117647059,"25"
9,1.18040808992981,-0.205882352941176,"25"
6,0.919901939426328,-0.176470588235294,"25"
5,0.808158156465653,-0.147058823529412,"25"
16,1.59339595123807,-0.117647058823529,"25"
6,0.949313704132211,-0.0882352941176471,"25"
3,0.497019505327541,-0.0588235294117647,"25"
5,0.847373842740162,-0.0294117647058824,"25"
7,1.08149258872293,0,"25"
10,1.32907980625071,0.0294117647058824,"25"
3,0.536235191602051,0.0588235294117647,"25"
5,0.886589529014672,0.0882352941176471,"25"
13,1.53340108060159,0.117647058823529,"25"
6,1.02774507668123,0.147058823529412,"25"
3,0.575450877876561,0.176470588235294,"25"
6,1.04735291981849,0.205882352941176,"25"
7,1.15992396127195,0.235294117647059,"25"
4,0.79665069088363,0.264705882352941,"25"
10,1.41731510036836,0.294117647058823,"25"
11,1.49065914180654,0.323529411764706,"25"
8,1.28816057596281,0.352941176470588,"25"
10,1.44672686507424,0.382352941176471,"25"
8,1.30776841910006,0.411764705882353,"25"
8,1.31757234066869,0.441176470588235,"25"
6,1.13558821393613,0.470588235294118,"25"
5,1.02384443097546,0.5,"25"
3,-0.568412327702275,-0.5,"26"
7,0.00625683412448837,-0.470588235294118,"26"
8,0.105081684109464,-0.441176470588235,"26"
8,0.114885605678092,-0.411764705882353,"26"
8,0.124689527246719,-0.382352941176471,"26"
9,0.213015472586269,-0.352941176470588,"26"
13,0.467969247571775,-0.323529411764706,"26"
10,0.302863659495408,-0.294117647058824,"26"
7,0.0748842851048805,-0.264705882352941,"26"
9,0.252231158860779,-0.235294117647059,"26"
6,-0.00827499164270342,-0.205882352941176,"26"
15,0.612389417842027,-0.176470588235294,"26"
7,0.11409997137939,-0.147058823529412,"26"
5,-0.100410931466124,-0.117647058823529,"26"
10,0.3714911104758,-0.0882352941176471,"26"
9,0.311054688272544,-0.0588235294117647,"26"
7,0.1533156576539,-0.0294117647058824,"26"
5,-0.0611952451916144,0,"26"
8,0.261944429207503,0.0294117647058824,"26"
11,0.484050838188487,0.0588235294117647,"26"
7,0.19253134392841,0.0882352941176471,"26"
10,0.440118561456192,0.117647058823529,"26"
9,0.379682139252936,0.147058823529412,"26"
10,0.459726404593447,0.176470588235294,"26"
5,0.00743220578877775,0.205882352941176,"26"
5,0.0172361273574052,0.235294117647059,"26"
8,0.340375801756523,0.264705882352941,"26"
7,0.261158794908802,0.294117647058823,"26"
7,0.27096271647743,0.323529411764706,"26"
9,0.448309590233328,0.352941176470588,"26"
6,0.187803439729846,0.382352941176471,"26"
9,0.467917433370583,0.411764705882353,"26"
6,0.207411282867101,0.441176470588235,"26"
7,0.319982324320567,0.470588235294118,"26"
6,0.227019126004355,0.5,"26"
4,0.438181133884804,-0.5,"27"
7,0.82106224741038,-0.470588235294118,"27"
5,0.606551344564865,-0.441176470588235,"27"
4,0.467592898590686,-0.411764705882353,"27"
7,0.850474012116262,-0.382352941176471,"27"
14,1.32237605405819,-0.352941176470588,"27"
8,0.959102783669865,-0.323529411764706,"27"
8,0.968906705238493,-0.294117647058824,"27"
13,1.30238250399492,-0.264705882352941,"27"
9,1.06703657214667,-0.235294117647059,"27"
4,0.536220349571078,-0.205882352941176,"27"
10,1.15688475905581,-0.176470588235294,"27"
9,1.09644833685255,-0.147058823529412,"27"
7,0.938709306233909,-0.117647058823529,"27"
5,0.724198403388394,-0.0882352941176471,"27"
8,1.04733807778751,-0.0588235294117647,"27"
8,1.05714199935614,-0.0294117647058824,"27"
7,0.977924992508419,0,"27"
10,1.2255122100362,0.0294117647058824,"27"
7,0.997532835645674,0.0588235294117647,"27"
8,1.09635768563065,0.0882352941176471,"27"
10,1.25492397474208,0.117647058823529,"27"
4,0.653867408394608,0.147058823529412,"27"
7,1.03674852192018,0.176470588235294,"27"
12,1.40588344397727,0.205882352941176,"27"
14,1.51845448543074,0.235294117647059,"27"
8,1.15518121504241,0.264705882352941,"27"
4,0.702887016237745,0.294117647058823,"27"
8,1.17478905817967,0.323529411764706,"27"
5,0.871257226917806,0.352941176470588,"27"
5,0.881061148486434,0.382352941176471,"27"
8,1.20420082288555,0.411764705882353,"27"
8,1.21400474445418,0.441176470588235,"27"
7,1.13478773760646,0.470588235294118,"27"
7,1.14459165917509,0.5,"27"
7,-0.00469931693948563,-0.5,"28"
14,0.467202725002439,-0.470588235294118,"28"
3,-0.549956714060366,-0.441176470588235,"28"
6,-0.0780546721184421,-0.411764705882353,"28"
6,-0.0682507505498147,-0.382352941176471,"28"
7,0.0443202909036516,-0.352941176470588,"28"
9,0.22166716465955,-0.323529411764706,"28"
4,-0.309149057916042,-0.294117647058824,"28"
6,-0.0290350642753049,-0.264705882352941,"28"
9,0.251078929365432,-0.235294117647059,"28"
9,0.26088285093406,-0.205882352941176,"28"
9,0.270686772502687,-0.176470588235294,"28"
6,0.0101806219992049,-0.147058823529412,"28"
4,-0.250325528504277,-0.117647058823529,"28"
8,0.221576513437647,-0.0882352941176471,"28"
9,0.309902458777197,-0.0588235294117647,"28"
8,0.241184356574902,-0.0294117647058824,"28"
11,0.463290765555886,0,"28"
8,0.260792199712157,0.0294117647058824,"28"
5,-0.042739631549706,0.0588235294117647,"28"
11,0.492702530261768,0.0882352941176471,"28"
6,0.098415916116852,0.117647058823529,"28"
11,0.512310373399023,0.147058823529412,"28"
7,0.220790879138946,0.176470588235294,"28"
7,0.230594800707573,0.205882352941176,"28"
5,0.0160838978620587,0.235294117647059,"28"
7,0.250202643844828,0.264705882352941,"28"
3,-0.30485867484468,0.294117647058823,"28"
7,0.269810486982083,0.323529411764706,"28"
9,0.447157360737981,0.352941176470588,"28"
6,0.186651210234499,0.382352941176471,"28"
6,0.196455131803126,0.411764705882353,"28"
8,0.398047101672941,0.441176470588235,"28"
12,0.678161095313678,0.470588235294118,"28"
5,0.104319191979706,0.5,"28"
7,-0.0711192340982681,-0.5,"29"
4,-0.434392504486589,-0.470588235294118,"29"
10,0.186271904998142,-0.441176470588235,"29"
5,-0.266022293806528,-0.411764705882353,"29"
7,-0.0319035478237583,-0.382352941176471,"29"
5,-0.246414450669273,-0.352941176470588,"29"
8,0.0767252237298449,-0.323529411764706,"29"
6,-0.105258903002715,-0.294117647058824,"29"
6,-0.0954549814340874,-0.264705882352941,"29"
7,0.0171160600193789,-0.235294117647059,"29"
6,-0.0758471382968324,-0.205882352941176,"29"
9,0.204266855343905,-0.176470588235294,"29"
12,0.405858825213719,-0.147058823529412,"29"
9,0.22387469848116,-0.117647058823529,"29"
8,0.155156596278865,-0.0882352941176471,"29"
6,-0.0268275304536952,-0.0588235294117647,"29"
9,0.253286463187042,-0.0294117647058824,"29"
9,0.263090384755669,0,"29"
12,0.464682354625484,0.0294117647058824,"29"
6,0.0123881558208146,0.0588235294117647,"29"
2,-0.710216115055964,0.0882352941176471,"29"
7,0.134763118842908,0.117647058823529,"29"
10,0.382350336370691,0.147058823529412,"29"
6,0.0516038420953244,0.176470588235294,"29"
10,0.401958179507946,0.205882352941176,"29"
14,0.636076925490715,0.235294117647059,"29"
7,0.183782726686046,0.264705882352941,"29"
12,0.552917648743131,0.294117647058823,"29"
5,-0.0209242545908415,0.323529411764706,"29"
6,0.110427371507089,0.352941176470588,"29"
8,0.312019341376904,0.382352941176471,"29"
8,0.321823262945531,0.411764705882353,"29"
6,0.139839136212971,0.441176470588235,"29"
1,-1.0448632550371,0.470588235294118,"29"
5,0.0378992748209233,0.5,"29"
5,0.626309634938677,-0.5,"30"
7,0.860428380921446,-0.470588235294118,"30"
8,0.959253230906422,-0.441176470588235,"30"
10,1.11781952001786,-0.411764705882353,"30"
7,0.889840145627328,-0.382352941176471,"30"
8,0.988664995612304,-0.352941176470588,"30"
8,0.998468917180932,-0.323529411764706,"30"
9,1.08679486252048,-0.294117647058824,"30"
7,0.929055831901838,-0.264705882352941,"30"
6,0.836092633585627,-0.235294117647059,"30"
13,1.36135648064324,-0.205882352941176,"30"
11,1.25979101243643,-0.176470588235294,"30"
6,0.865504398291509,-0.147058823529412,"30"
3,0.41321019948684,-0.117647058823529,"30"
7,0.987879361313603,-0.0882352941176471,"30"
6,0.894916162997392,-0.0588235294117647,"30"
8,1.09650813286721,-0.0294117647058824,"30"
6,0.914524006134646,0,"30"
8,1.11611597600446,0.0294117647058824,"30"
8,1.12591989757309,0.0588235294117647,"30"
2,0.211527578395122,0.0882352941176471,"30"
5,0.832191987879853,0.117647058823529,"30"
8,1.15533166227897,0.147058823529412,"30"
5,0.851799831017108,0.176470588235294,"30"
9,1.25346152918715,0.205882352941176,"30"
7,1.0957224985685,0.235294117647059,"30"
9,1.2730693723244,0.264705882352941,"30"
9,1.28287329389303,0.294117647058823,"30"
9,1.29267721546166,0.323529411764706,"30"
6,1.03217106495818,0.352941176470588,"30"
4,0.771664914454694,0.382352941176471,"30"
4,0.781468836023321,0.411764705882353,"30"
9,1.33189290173617,0.441176470588235,"30"
4,0.801076679160576,0.470588235294118,"30"
3,0.619092552428016,0.5,"30"
6,-0.301564268980049,-0.5,"31"
9,-0.0214502753393117,-0.470588235294118,"31"
3,-0.744054546216091,-0.441176470588235,"31"
7,-0.169385384389328,-0.411764705882353,"31"
8,-0.0705605344043518,-0.382352941176471,"31"
7,-0.149777541252073,-0.352941176470588,"31"
8,-0.050952691267097,-0.323529411764706,"31"
10,0.107613597844337,-0.294117647058824,"31"
10,0.117417519412965,-0.264705882352941,"31"
6,-0.213328974862402,-0.235294117647059,"31"
8,-0.0117370049925871,-0.205882352941176,"31"
7,-0.090954011840308,-0.176470588235294,"31"
3,-0.646015330529816,-0.147058823529412,"31"
7,-0.0713461687030531,-0.117647058823529,"31"
9,0.106000705052845,-0.0882352941176471,"31"
14,0.410359794807499,-0.0588235294117647,"31"
10,0.195848891961984,-0.0294117647058824,"31"
7,-0.0321304824285433,0,"31"
6,-0.125093680744755,0.0294117647058824,"31"
9,0.155020312895982,0.0588235294117647,"31"
6,-0.1054858376075,0.0882352941176471,"31"
6,-0.0956819160388724,0.117647058823529,"31"
6,-0.0858779944702449,0.147058823529412,"31"
11,0.328016462811926,0.176470588235294,"31"
9,0.20403992073912,0.205882352941176,"31"
7,0.0463008901204763,0.235294117647059,"31"
13,0.468797617293253,0.264705882352941,"31"
11,0.367232149086436,0.294117647058823,"31"
4,-0.29736453713059,0.323529411764706,"31"
4,-0.287560615561962,0.352941176470588,"31"
7,0.0953204979636135,0.382352941176471,"31"
6,0.00235729964740213,0.411764705882353,"31"
10,0.352711637060024,0.441176470588235,"31"
10,0.362515558628651,0.470588235294118,"31"
7,0.134536184238123,0.5,"31"
9,0.0992908579648916,-0.5,"32"
10,0.179335123305403,-0.470588235294118,"32"
3,-0.61350949134326,-0.441176470588235,"32"
9,0.128702622670774,-0.411764705882353,"32"
6,-0.131803527832708,-0.382352941176471,"32"
5,-0.243547310793384,-0.352941176470588,"32"
7,-0.00942856481061458,-0.323529411764706,"32"
7,0.000375356758012868,-0.294117647058824,"32"
10,0.247962574285795,-0.264705882352941,"32"
4,-0.353093992061681,-0.235294117647059,"32"
8,0.118808049880244,-0.205882352941176,"32"
2,-0.795584269297723,-0.176470588235294,"32"
5,-0.174919859812992,-0.147058823529412,"32"
6,-0.0435682337150613,-0.117647058823529,"32"
8,0.158023736154753,-0.0882352941176471,"32"
5,-0.145508095107109,-0.0588235294117647,"32"
6,-0.0141564690091789,-0.0294117647058824,"32"
13,0.511107378048436,0,"32"
9,0.275761446200186,0.0294117647058824,"32"
10,0.355805711540697,0.0588235294117647,"32"
7,0.12782633715017,0.0882352941176471,"32"
11,0.438953674547502,0.117647058823529,"32"
6,0.0446670604025858,0.147058823529412,"32"
9,0.324781054043323,0.176470588235294,"32"
7,0.16704202342468,0.205882352941176,"32"
7,0.176845944993307,0.235294117647059,"32"
9,0.354192818749205,0.264705882352941,"32"
4,-0.176623403826387,0.294117647058823,"32"
7,0.206257709699189,0.323529411764706,"32"
5,-0.00825319314632519,0.352941176470588,"32"
4,-0.147211639120504,0.382352941176471,"32"
10,0.473452770364227,0.411764705882353,"32"
12,0.604804396462157,0.441176470588235,"32"
6,0.152510197657488,0.470588235294118,"32"
10,0.502864535070109,0.5,"32"
7,0.389103278074888,-0.5,"33"
4,0.0258300076865668,-0.470588235294118,"33"
7,0.408711121212143,-0.441176470588235,"33"
6,0.315747922895931,-0.411764705882353,"33"
7,0.428318964349398,-0.382352941176471,"33"
7,0.438122885918025,-0.352941176470588,"33"
6,0.345159687601814,-0.323529411764706,"33"
6,0.354963609170441,-0.294117647058824,"33"
5,0.243219826209765,-0.264705882352941,"33"
12,0.836669572680993,-0.235294117647059,"33"
5,0.26282766934702,-0.205882352941176,"33"
8,0.585967343746138,-0.176470588235294,"33"
9,0.674293289085688,-0.147058823529412,"33"
10,0.7543375544262,-0.117647058823529,"33"
9,0.693901132222943,-0.0882352941176471,"33"
9,0.703705053791571,-0.0588235294117647,"33"
6,0.443198903288088,-0.0294117647058824,"33"
9,0.723312896928825,0,"33"
9,0.733116818497453,0.0294117647058824,"33"
12,0.934708788367267,0.0588235294117647,"33"
5,0.360866885033295,0.0882352941176471,"33"
5,0.370670806601922,0.117647058823529,"33"
2,-0.230385759745554,0.147058823529412,"33"
5,0.390278649739177,0.176470588235294,"33"
7,0.624397395721947,0.205882352941176,"33"
8,0.723222245706923,0.235294117647059,"33"
10,0.881788534818357,0.264705882352941,"33"
5,0.429494336013687,0.294117647058823,"33"
3,0.0987478417383208,0.323529411764706,"33"
5,0.449102179150942,0.352941176470588,"33"
6,0.580453805248872,0.382352941176471,"33"
5,0.468710022288197,0.411764705882353,"33"
7,0.702828768270966,0.441176470588235,"33"
9,0.880175642026865,0.470588235294118,"33"
10,0.960219907367376,0.5,"33"
9,0.131002315882979,-0.5,"34"
5,-0.251051539149806,-0.470588235294118,"34"
6,-0.119699913051876,-0.441176470588235,"34"
6,-0.109895991483248,-0.411764705882353,"34"
8,0.0916959783865665,-0.382352941176471,"34"
10,0.250262267498001,-0.352941176470588,"34"
5,-0.202031931306669,-0.323529411764706,"34"
5,-0.192228009738041,-0.294117647058824,"34"
7,0.041890736244728,-0.264705882352941,"34"
13,0.464387463417504,-0.235294117647059,"34"
10,0.299281875341138,-0.205882352941176,"34"
13,0.483995306554759,-0.176470588235294,"34"
9,0.248649374706509,-0.147058823529412,"34"
6,-0.0118567757969736,-0.117647058823529,"34"
5,-0.123600558757649,-0.0882352941176471,"34"
12,0.469849187713578,-0.0588235294117647,"34"
6,0.0175549889089087,-0.0294117647058824,"34"
6,0.0273589104775362,0,"34"
8,0.228950880347351,0.0294117647058824,"34"
14,0.611831993872927,0.0588235294117647,"34"
12,0.518868795556716,0.0882352941176471,"34"
6,0.066574596752046,0.117647058823529,"34"
10,0.416928934164667,0.147058823529412,"34"
7,0.18894955977414,0.176470588235294,"34"
8,0.287774409759116,0.205882352941176,"34"
11,0.5098808187401,0.235294117647059,"34"
5,-0.0059534999341199,0.264705882352941,"34"
12,0.587496246537108,0.294117647058823,"34"
2,-0.597206144712968,0.323529411764706,"34"
10,0.48555638514506,0.352941176470588,"34"
7,0.257577010754532,0.382352941176471,"34"
10,0.505164228282314,0.411764705882353,"34"
6,0.174417734006948,0.441176470588235,"34"
13,0.699681581064563,0.470588235294118,"34"
8,0.38581362544539,0.5,"34"
11,1.02519222999333,-0.5,"35"
11,1.03499615156196,-0.470588235294118,"35"
12,1.10280765779034,-0.441176470588235,"35"
8,0.842301507286857,-0.411764705882353,"35"
8,0.852105428855484,-0.382352941176471,"35"
5,0.548573597593621,-0.352941176470588,"35"
6,0.679925223691552,-0.323529411764706,"35"
7,0.792496265145018,-0.294117647058824,"35"
10,1.0400834826728,-0.264705882352941,"35"
7,0.812104108282273,-0.235294117647059,"35"
8,0.910928958267249,-0.205882352941176,"35"
9,0.999254903606799,-0.176470588235294,"35"
10,1.07929916894731,-0.147058823529412,"35"
8,0.940340722973131,-0.117647058823529,"35"
7,0.86112371612541,-0.0882352941176471,"35"
10,1.10871093365319,-0.0588235294117647,"35"
7,0.880731559262665,-0.0294117647058824,"35"
9,1.05807843301856,0,"35"
7,0.90033940239992,0.0294117647058824,"35"
5,0.685828499554406,0.0588235294117647,"35"
5,0.695632421123033,0.0882352941176471,"35"
4,0.556673975148854,0.117647058823529,"35"
10,1.17733838463358,0.147058823529412,"35"
8,1.03837993865941,0.176470588235294,"35"
9,1.12670588399896,0.205882352941176,"35"
12,1.32829785386877,0.235294117647059,"35"
8,1.06779170336529,0.264705882352941,"35"
3,0.423709456259432,0.294117647058823,"35"
7,0.998378618086195,0.323529411764706,"35"
6,0.905415419769983,0.352941176470588,"35"
11,1.31930987705215,0.382352941176471,"35"
7,1.02779038279208,0.411764705882353,"35"
6,0.934827184475866,0.441176470588235,"35"
11,1.34872164175804,0.470588235294118,"35"
7,1.05720214749796,0.5,"35"
7,0.712434471142021,-0.5,"36"
9,0.88978134489792,-0.470588235294118,"36"
11,1.03336573010798,-0.441176470588235,"36"
11,1.04316965167661,-0.411764705882353,"36"
14,1.21374827778983,-0.382352941176471,"36"
8,0.850475007401507,-0.352941176470588,"36"
6,0.668490880668947,-0.323529411764706,"36"
12,1.14039292261087,-0.294117647058824,"36"
9,0.958408795878312,-0.264705882352941,"36"
8,0.889690693676017,-0.235294117647059,"36"
5,0.586158862414154,-0.205882352941176,"36"
7,0.820277608396923,-0.176470588235294,"36"
9,0.997624482152822,-0.147058823529412,"36"
6,0.737118331649339,-0.117647058823529,"36"
6,0.746922253217967,-0.0882352941176471,"36"
14,1.32159141504473,-0.0588235294117647,"36"
7,0.869297216240061,-0.0294117647058824,"36"
11,1.18042455363739,0,"36"
5,0.664590234963173,0.0294117647058824,"36"
8,0.987729909362291,0.0588235294117647,"36"
5,0.684198078100428,0.0882352941176471,"36"
4,0.545239632126249,0.117647058823529,"36"
10,1.16590404161098,0.147058823529412,"36"
8,1.0269455956368,0.176470588235294,"36"
4,0.574651396832132,0.205882352941176,"36"
7,0.957532510357708,0.235294117647059,"36"
7,0.967336431926335,0.264705882352941,"36"
8,1.06616128191131,0.294117647058823,"36"
13,1.39963708066774,0.323529411764706,"36"
8,1.08576912504857,0.352941176470588,"36"
10,1.24433541416,0.382352941176471,"36"
9,1.18389899195674,0.411764705882353,"36"
10,1.26394325729725,0.441176470588235,"36"
7,1.03596388290673,0.470588235294118,"36"
6,0.943000684590516,0.5,"36"
11,1.10570688544183,-0.5,"37"
6,0.711420271296911,-0.470588235294118,"37"
11,1.12531472857908,-0.441176470588235,"37"
8,0.922816162735353,-0.411764705882353,"37"
11,1.14492257171634,-0.382352941176471,"37"
9,1.02094602964353,-0.352941176470588,"37"
7,0.863206999024887,-0.323529411764706,"37"
8,0.962031849009863,-0.294117647058824,"37"
4,0.509737650205194,-0.264705882352941,"37"
7,0.892618763730769,-0.235294117647059,"37"
11,1.2037461011281,-0.205882352941176,"37"
8,1.00124753528437,-0.176470588235294,"37"
6,0.819263408551813,-0.147058823529412,"37"
8,1.02085537842163,-0.117647058823529,"37"
5,0.717323547159765,-0.0882352941176471,"37"
6,0.848675173257695,-0.0588235294117647,"37"
8,1.05026714312751,-0.0294117647058824,"37"
8,1.06007106469614,0,"37"
5,0.756539233434275,0.0294117647058824,"37"
8,1.07967890783339,0.0588235294117647,"37"
6,0.897694781100833,0.0882352941176471,"37"
7,1.0102658225543,0.117647058823529,"37"
10,1.25785304008208,0.147058823529412,"37"
6,0.927106545806715,0.176470588235294,"37"
8,1.12869851567653,0.205882352941176,"37"
8,1.13850243724516,0.235294117647059,"37"
10,1.29706872635659,0.264705882352941,"37"
6,0.966322232081225,0.294117647058823,"37"
11,1.3802166893634,0.323529411764706,"37"
4,0.71562000314637,0.352941176470588,"37"
8,1.18752204508829,0.382352941176471,"37"
11,1.40962845406928,0.411764705882353,"37"
6,1.01534183992436,0.441176470588235,"37"
6,1.02514576149299,0.470588235294118,"37"
7,1.13771680294646,0.5,"37"
5,0.727043362155397,-0.5,"38"
7,0.961162108138167,-0.470588235294118,"38"
4,0.597888837749846,-0.441176470588235,"38"
10,1.21855324723458,-0.411764705882353,"38"
5,0.766259048429907,-0.382352941176471,"38"
6,0.897610674527837,-0.352941176470588,"38"
11,1.31150513181001,-0.323529411764706,"38"
7,1.01998563754993,-0.294117647058824,"38"
11,1.33111297494726,-0.264705882352941,"38"
11,1.34091689651589,-0.235294117647059,"38"
4,0.676320210298865,-0.205882352941176,"38"
5,0.834886499410299,-0.176470588235294,"38"
10,1.30678854135222,-0.147058823529412,"38"
5,0.854494342547554,-0.117647058823529,"38"
7,1.08861308853032,-0.0882352941176471,"38"
11,1.39974042592766,-0.0588235294117647,"38"
12,1.46755193215604,-0.0294117647058824,"38"
8,1.20704578165255,0,"38"
6,1.02506165491999,0.0294117647058824,"38"
6,1.03486557648862,0.0588235294117647,"38"
10,1.38521991390124,0.0882352941176471,"38"
9,1.32478349169799,0.117647058823529,"38"
5,0.942729636665201,0.147058823529412,"38"
15,1.68494175067924,0.176470588235294,"38"
11,1.4879757200453,0.205882352941176,"38"
9,1.3639991779725,0.235294117647059,"38"
11,1.50758356318256,0.264705882352941,"38"
4,0.842986876965532,0.294117647058823,"38"
6,1.12310087060627,0.323529411764706,"38"
7,1.23567191205974,0.352941176470588,"38"
4,0.872398641671414,0.382352941176471,"38"
6,1.15251263531215,0.411764705882353,"38"
6,1.16231655688078,0.441176470588235,"38"
6,1.17212047844941,0.470588235294118,"38"
4,0.911614327945924,0.5,"38"
9,0.219251334298788,-0.5,"39"
5,-0.162802520733997,-0.470588235294118,"39"
4,-0.301760966708176,-0.441176470588235,"39"
12,0.440451147305857,-0.411764705882353,"39"
7,0.0909240683860268,-0.382352941176471,"39"
7,0.100727989954654,-0.352941176470588,"39"
6,0.00776479163844288,-0.323529411764706,"39"
6,0.0175687132070703,-0.294117647058824,"39"
6,0.0273726347756978,-0.264705882352941,"39"
11,0.441267092057869,-0.235294117647059,"39"
12,0.50907859828625,-0.205882352941176,"39"
14,0.621649639739716,-0.176470588235294,"39"
9,0.336898393122317,-0.147058823529412,"39"
10,0.416942658462829,-0.117647058823529,"39"
6,0.0861961641874625,-0.0882352941176471,"39"
6,0.0960000857560899,-0.0588235294117647,"39"
5,-0.0157436972045857,-0.0294117647058824,"39"
9,0.385918000965455,0,"39"
10,0.465962266305966,0.0294117647058824,"39"
12,0.597313892403897,0.0588235294117647,"39"
8,0.336807741900414,0.0882352941176471,"39"
10,0.495374031011849,0.117647058823529,"39"
11,0.568718072450026,0.147058823529412,"39"
6,0.17443145830511,0.176470588235294,"39"
6,0.184235379873737,0.205882352941176,"39"
3,-0.268058818930932,0.235294117647059,"39"
6,0.203843223010992,0.264705882352941,"39"
3,-0.248450975793677,0.294117647058823,"39"
10,0.564001481992241,0.323529411764706,"39"
7,0.336022107601713,0.352941176470588,"39"
8,0.434846957586689,0.382352941176471,"39"
8,0.444650879155316,0.411764705882353,"39"
3,-0.19943136795054,0.441176470588235,"39"
8,0.464258722292571,0.470588235294118,"39"
6,0.282274595560011,0.5,"39"
10,0.773976831800389,-0.5,"40"
7,0.545997457409861,-0.470588235294118,"40"
7,0.555801378978489,-0.441176470588235,"40"
5,0.341290476132974,-0.411764705882353,"40"
6,0.472642102230905,-0.382352941176471,"40"
6,0.482446023799532,-0.352941176470588,"40"
6,0.49224994536816,-0.323529411764706,"40"
6,0.502053866936787,-0.294117647058824,"40"
10,0.852408204349409,-0.264705882352941,"40"
11,0.925752245787586,-0.235294117647059,"40"
6,0.53146563164267,-0.205882352941176,"40"
9,0.811579625283407,-0.176470588235294,"40"
6,0.551073474779925,-0.147058823529412,"40"
5,0.439329691819249,-0.117647058823529,"40"
7,0.673448437802018,-0.0882352941176471,"40"
5,0.458937534956504,-0.0588235294117647,"40"
7,0.693056280939273,-0.0294117647058824,"40"
6,0.600093082623062,0,"40"
2,-0.122511188253717,0.0294117647058824,"40"
3,0.15760280538702,0.0588235294117647,"40"
6,0.629504847328944,0.0882352941176471,"40"
4,0.368998696825462,0.117647058823529,"40"
7,0.751879810351038,0.147058823529412,"40"
13,1.17437653752381,0.176470588235294,"40"
8,0.860508581904641,0.205882352941176,"40"
10,1.01907487101608,0.235294117647059,"40"
10,1.0288787925847,0.264705882352941,"40"
8,0.889920346610523,0.294117647058823,"40"
8,0.899724268179151,0.323529411764706,"40"
14,1.28260538170473,0.352941176470588,"40"
5,0.605996358485915,0.382352941176471,"40"
14,1.30221322484198,0.411764705882353,"40"
8,0.938939954453661,0.441176470588235,"40"
7,0.85972294760594,0.470588235294118,"40"
10,1.10731016513372,0.5,"40"
1,-1.38014655001462,-0.5,"41"
10,0.16471410021671,-0.470588235294118,"41"
7,-0.063265274173818,-0.441176470588235,"41"
7,-0.0534613526051905,-0.411764705882353,"41"
9,0.123885521150708,-0.382352941176471,"41"
4,-0.406930701424884,-0.352941176470588,"41"
8,0.0649713405170401,-0.323529411764706,"41"
8,0.0747752620856676,-0.294117647058824,"41"
7,-0.0044417447620533,-0.264705882352941,"41"
4,-0.367715015150374,-0.235294117647059,"41"
7,0.0151660983752016,-0.205882352941176,"41"
8,0.113990948360177,-0.176470588235294,"41"
7,0.0347739415124565,-0.147058823529412,"41"
7,0.0445778630810839,-0.117647058823529,"41"
10,0.292165080608867,-0.0882352941176471,"41"
8,0.153206634634687,-0.0588235294117647,"41"
11,0.375313043615671,-0.0294117647058824,"41"
9,0.251336501542865,0,"41"
6,-0.00916964896061763,0.0294117647058824,"41"
9,0.27094434468012,0.0588235294117647,"41"
6,0.0104381941766373,0.0882352941176471,"41"
11,0.424332651458809,0.117647058823529,"41"
5,-0.0915016672154109,0.147058823529412,"41"
4,-0.23046011318959,0.176470588235294,"41"
6,0.049653880451147,0.205882352941176,"41"
3,-0.402640318353522,0.235294117647059,"41"
7,0.172028843473241,0.264705882352941,"41"
10,0.419616061001023,0.294117647058823,"41"
5,-0.0326781378036463,0.323529411764706,"41"
5,-0.0228742162350188,0.352941176470588,"41"
7,0.211244529747751,0.382352941176471,"41"
7,0.221048451316378,0.411764705882353,"41"
3,-0.33401286737313,0.441176470588235,"41"
4,-0.132420897503315,0.470588235294118,"41"
10,0.488243511981416,0.5,"41"
8,0.0216974581062042,-0.5,"42"
5,-0.281834373155659,-0.470588235294118,"42"
11,0.253607788655816,-0.441176470588235,"42"
11,0.263411710224443,-0.411764705882353,"42"
7,-0.0281077840356344,-0.382352941176471,"42"
10,0.219479433492148,-0.352941176470588,"42"
8,0.0805209875179689,-0.323529411764706,"42"
5,-0.223010843743894,-0.294117647058824,"42"
4,-0.361969289718073,-0.264705882352941,"42"
6,-0.081855296077336,-0.235294117647059,"42"
7,0.0307157453761303,-0.205882352941176,"42"
6,-0.0622474529400811,-0.176470588235294,"42"
8,0.139344516929734,-0.147058823529412,"42"
7,0.0601275100820127,-0.117647058823529,"42"
13,0.482624237254789,-0.0882352941176471,"42"
9,0.247278305406538,-0.0588235294117647,"42"
15,0.59763264281916,-0.0294117647058824,"42"
4,-0.273733995600426,0,"42"
6,0.00637999804031109,0.0294117647058824,"42"
10,0.356734335452932,0.0588235294117647,"42"
6,0.025987841177566,0.0882352941176471,"42"
7,0.138558882631032,0.117647058823529,"42"
10,0.386146100158815,0.147058823529412,"42"
4,-0.214910466188661,0.176470588235294,"42"
6,0.0652035274520758,0.205882352941176,"42"
10,0.415557864864697,0.235294117647059,"42"
5,-0.0367363339399724,0.264705882352941,"42"
10,0.435165708001952,0.294117647058823,"42"
5,-0.0171284908027175,0.323529411764706,"42"
7,0.216990255180052,0.352941176470588,"42"
6,0.12402705686384,0.382352941176471,"42"
9,0.404141050504578,0.411764705882353,"42"
10,0.484185315845089,0.441176470588235,"42"
5,0.0318911170404197,0.470588235294118,"42"
5,0.0416950386090472,0.5,"42"
6,0.424544430746513,-0.5,"43"
8,0.626136400616327,-0.470588235294118,"43"
8,0.635940322184955,-0.441176470588235,"43"
6,0.453956195452395,-0.411764705882353,"43"
9,0.734070189093132,-0.382352941176471,"43"
5,0.352016334060347,-0.352941176470588,"43"
4,0.213057888086168,-0.323529411764706,"43"
10,0.833722297570899,-0.294117647058824,"43"
9,0.773285875367642,-0.264705882352941,"43"
6,0.51277972486416,-0.235294117647059,"43"
8,0.714371694733975,-0.205882352941176,"43"
6,0.532387568001415,-0.176470588235294,"43"
6,0.542191489570042,-0.147058823529412,"43"
6,0.55199541113867,-0.117647058823529,"43"
11,0.965889868420841,-0.0882352941176471,"43"
3,0.109505133902628,-0.0588235294117647,"43"
15,1.19226766376066,-0.0294117647058824,"43"
7,0.693978217298018,0,"43"
3,0.13891689860851,0.0294117647058824,"43"
6,0.610818940550434,0.0588235294117647,"43"
2,-0.111785330326345,0.0882352941176471,"43"
10,0.970977199531683,0.117647058823529,"43"
6,0.640230705256317,0.147058823529412,"43"
9,0.920344698897054,0.176470588235294,"43"
10,1.00038896423757,0.205882352941176,"43"
10,1.01019288580619,0.235294117647059,"43"
7,0.782213511415665,0.264705882352941,"43"
5,0.567702608570151,0.294117647058823,"43"
9,0.969364306740191,0.323529411764706,"43"
8,0.900646204537896,0.352941176470588,"43"
8,0.910450126106524,0.382352941176471,"43"
3,0.266367879000667,0.411764705882353,"43"
9,1.0085799930147,0.441176470588235,"43"
5,0.626526137981916,0.470588235294118,"43"
4,0.487567692007737,0.5,"43"
10,0.881960432769505,-0.5,"44"
10,0.891764354338132,-0.470588235294118,"44"
7,0.663784979947605,-0.441176470588235,"44"
5,0.44927407710209,-0.411764705882353,"44"
4,0.310315631127911,-0.382352941176471,"44"
6,0.590429624768648,-0.352941176470588,"44"
9,0.870543618409385,-0.323529411764706,"44"
5,0.4884897633766,-0.294117647058824,"44"
6,0.619841389474531,-0.264705882352941,"44"
6,0.629645311043158,-0.235294117647059,"44"
11,1.04353976832533,-0.205882352941176,"44"
7,0.752020274065252,-0.176470588235294,"44"
3,0.196958955375744,-0.147058823529412,"44"
8,0.860649045618855,-0.117647058823529,"44"
7,0.781432038771134,-0.0882352941176471,"44"
6,0.688468840454923,-0.0588235294117647,"44"
7,0.801039881908389,-0.0294117647058824,"44"
7,0.810843803477017,0,"44"
7,0.820647725045644,0.0294117647058824,"44"
6,0.727684526729433,0.0588235294117647,"44"
9,1.00779852037017,0.0882352941176471,"44"
7,0.850059489751526,0.117647058823529,"44"
10,1.09764670727931,0.147058823529412,"44"
10,1.10745062884794,0.176470588235294,"44"
7,0.879471254457409,0.205882352941176,"44"
5,0.664960351611894,0.235294117647059,"44"
8,0.988100026011012,0.264705882352941,"44"
9,1.07642597135056,0.294117647058823,"44"
6,0.81591982084708,0.323529411764706,"44"
6,0.825723742415707,0.352941176470588,"44"
7,0.938294783869173,0.382352941176471,"44"
6,0.845331585552962,0.411764705882353,"44"
3,0.393037386748293,0.441176470588235,"44"
7,0.967706548575056,0.470588235294118,"44"
13,1.39020327574783,0.5,"44"
8,0.138670359654153,-0.5,"45"
6,-0.0433137670784071,-0.470588235294118,"45"
8,0.158278202791408,-0.441176470588235,"45"
5,-0.145253628470455,-0.411764705882353,"45"
9,0.256408069699585,-0.382352941176471,"45"
6,-0.00409808080389725,-0.352941176470588,"45"
6,0.00570584076473019,-0.323529411764706,"45"
8,0.207297810634545,-0.294117647058824,"45"
7,0.128080803786824,-0.264705882352941,"45"
8,0.2269056537718,-0.235294117647059,"45"
4,-0.22538854503287,-0.205882352941176,"45"
3,-0.407372671765429,-0.176470588235294,"45"
6,0.0645293701764949,-0.147058823529412,"45"
8,0.26612134004631,-0.117647058823529,"45"
5,-0.0374104912155533,-0.0882352941176471,"45"
6,0.0939411348823773,-0.0588235294117647,"45"
7,0.206512176335844,-0.0294117647058824,"45"
3,-0.348549142353665,0,"45"
2,-0.609055292857147,0.0294117647058824,"45"
8,0.324944869458074,0.0588235294117647,"45"
6,0.142960742725515,0.0882352941176471,"45"
6,0.152764664294142,0.117647058823529,"45"
7,0.265335705747608,0.147058823529412,"45"
5,0.0508248029020938,0.176470588235294,"45"
9,0.452486501072134,0.205882352941176,"45"
6,0.191980350568652,0.235294117647059,"45"
10,0.542334687981273,0.264705882352941,"45"
3,-0.25050992666739,0.294117647058823,"45"
6,0.221392115274534,0.323529411764706,"45"
9,0.501506108915271,0.352941176470588,"45"
9,0.511310030483899,0.382352941176471,"45"
7,0.353570999865255,0.411764705882353,"45"
10,0.601158217393038,0.441176470588235,"45"
4,0.000101651045561775,0.470588235294118,"45"
6,0.280215644686299,0.5,"45"
6,0.609446689584729,-0.5,"46"
4,0.348940539081247,-0.470588235294118,"46"
8,0.820842581023171,-0.441176470588235,"46"
6,0.638858454290612,-0.411764705882353,"46"
7,0.751429495744078,-0.382352941176471,"46"
6,0.658466297427867,-0.352941176470588,"46"
7,0.771037338881333,-0.323529411764706,"46"
10,1.01862455640912,-0.294117647058824,"46"
8,0.879666110434936,-0.264705882352941,"46"
7,0.800449103587215,-0.235294117647059,"46"
8,0.899273953572191,-0.205882352941176,"46"
4,0.446979754767522,-0.176470588235294,"46"
8,0.918881796709446,-0.147058823529412,"46"
7,0.839664789861725,-0.117647058823529,"46"
10,1.08725200738951,-0.0882352941176471,"46"
7,0.85927263299898,-0.0588235294117647,"46"
6,0.766309434682769,-0.0294117647058824,"46"
12,1.23821147662469,0,"46"
7,0.888684397704862,0.0294117647058824,"46"
9,1.06603127146076,0.0588235294117647,"46"
6,0.805525120957278,0.0882352941176471,"46"
6,0.815329042525906,0.117647058823529,"46"
8,1.01692101239572,0.147058823529412,"46"
3,0.372838765289864,0.176470588235294,"46"
8,1.03652885553298,0.205882352941176,"46"
7,0.957311848685254,0.235294117647059,"46"
6,0.864348650369043,0.264705882352941,"46"
6,0.87415257193767,0.294117647058823,"46"
9,1.15426656557841,0.323529411764706,"46"
13,1.40922034056391,0.352941176470588,"46"
7,1.00633145652839,0.382352941176471,"46"
6,0.91336825821218,0.411764705882353,"46"
4,0.652862107708698,0.441176470588235,"46"
5,0.811428396820132,0.470588235294118,"46"
4,0.672469950845953,0.5,"46"
6,0.480591167483605,-0.5,"47"
6,0.490395089052233,-0.470588235294118,"47"
7,0.602966130505699,-0.441176470588235,"47"
9,0.780313004261597,-0.411764705882353,"47"
6,0.519806853758115,-0.382352941176471,"47"
14,1.09447601558488,-0.352941176470588,"47"
8,0.731202745196557,-0.323529411764706,"47"
6,0.549218618463997,-0.294117647058824,"47"
5,0.437474835503322,-0.264705882352941,"47"
9,0.839136533673362,-0.235294117647059,"47"
7,0.681397503054718,-0.205882352941176,"47"
10,0.928984720582501,-0.176470588235294,"47"
9,0.868548298379244,-0.147058823529412,"47"
11,1.01213268358931,-0.117647058823529,"47"
6,0.617846069444389,-0.0882352941176471,"47"
10,0.968200406857011,-0.0588235294117647,"47"
13,1.15291383807063,-0.0294117647058824,"47"
3,0.185159713776975,0,"47"
9,0.927371827791009,0.0294117647058824,"47"
12,1.12896379766082,0.0588235294117647,"47"
10,1.01722001470015,0.0882352941176471,"47"
6,0.686473520424782,0.117647058823529,"47"
5,0.574729737464106,0.147058823529412,"47"
9,0.976391435634146,0.176470588235294,"47"
6,0.715885285130664,0.205882352941176,"47"
9,0.995999278771401,0.235294117647059,"47"
7,0.838260248152758,0.264705882352941,"47"
7,0.848064169721385,0.294117647058823,"47"
9,1.02541104347728,0.323529411764706,"47"
13,1.28036481846279,0.352941176470588,"47"
4,0.504398742470319,0.382352941176471,"47"
9,1.05482280818317,0.411764705882353,"47"
9,1.06462672975179,0.441176470588235,"47"
8,0.995908627549498,0.470588235294118,"47"
9,1.08423457288905,0.5,"47"
9,0.385675801837582,-0.5,"48"
9,0.395479723406209,-0.470588235294118,"48"
7,0.237740692787566,-0.441176470588235,"48"
3,-0.317320625901942,-0.411764705882353,"48"
5,0.0330337115106788,-0.382352941176471,"48"
7,0.267152457493448,-0.352941176470588,"48"
10,0.514739675021231,-0.323529411764706,"48"
6,0.183993180745864,-0.294117647058824,"48"
8,0.385585150615679,-0.264705882352941,"48"
11,0.607691559596663,-0.235294117647059,"48"
6,0.213404945451747,-0.205882352941176,"48"
1,-0.971297445798329,-0.176470588235294,"48"
12,0.695110908962298,-0.147058823529412,"48"
6,0.242816710157629,-0.117647058823529,"48"
11,0.6567111674398,-0.0882352941176471,"48"
5,0.140876848765581,-0.0588235294117647,"48"
7,0.37499559474835,-0.0294117647058824,"48"
6,0.282032396432139,0,"48"
7,0.394603437885605,0.0294117647058824,"48"
7,0.404407359454233,0.0588235294117647,"48"
7,0.41421128102286,0.0882352941176471,"48"
5,0.199700378177345,0.117647058823529,"48"
9,0.601362076347386,0.147058823529412,"48"
10,0.681406341687897,0.176470588235294,"48"
5,0.229112142883228,0.205882352941176,"48"
7,0.463230888865997,0.235294117647059,"48"
5,0.248719986020483,0.264705882352941,"48"
4,0.109761540046304,0.294117647058823,"48"
6,0.389875533687041,0.323529411764706,"48"
6,0.399679455255668,0.352941176470588,"48"
7,0.512250496709134,0.382352941176471,"48"
6,0.419287298392923,0.411764705882353,"48"
5,0.307543515432247,0.441176470588235,"48"
7,0.541662261415017,0.470588235294118,"48"
12,0.910797183472102,0.5,"48"
15,1.17908009664159,-0.5,"49"
5,0.45647582576481,-0.470588235294118,"49"
10,0.928377867706734,-0.441176470588235,"49"
10,0.938181789275362,-0.411764705882353,"49"
10,0.947985710843989,-0.382352941176471,"49"
5,0.49569151203932,-0.352941176470588,"49"
8,0.818831186438437,-0.323529411764706,"49"
11,1.04093759541942,-0.294117647058824,"49"
7,0.749418101159344,-0.264705882352941,"49"
6,0.656454902843132,-0.235294117647059,"49"
12,1.12835694478506,-0.205882352941176,"49"
8,0.867850794281575,-0.176470588235294,"49"
8,0.877654715850202,-0.147058823529412,"49"
6,0.695670589117642,-0.117647058823529,"49"
6,0.70547451068627,-0.0882352941176471,"49"
3,0.2531803118816,-0.0588235294117647,"49"
9,0.995392425895634,-0.0294117647058824,"49"
6,0.734886275392152,0,"49"
5,0.623142492431476,0.0294117647058824,"49"
7,0.857261238414246,0.0588235294117647,"49"
7,0.867065159982873,0.0882352941176471,"49"
11,1.17819249738021,0.117647058823529,"49"
7,0.886673003120128,0.147058823529412,"49"
6,0.793709804803917,0.176470588235294,"49"
6,0.803513726372544,0.205882352941176,"49"
8,1.00510569624236,0.235294117647059,"49"
4,0.55281149743769,0.264705882352941,"49"
5,0.711377786549123,0.294117647058823,"49"
6,0.842729412647054,0.323529411764706,"49"
12,1.31463145458898,0.352941176470588,"49"
8,1.0541253040855,0.382352941176471,"49"
5,0.750593472823633,0.411764705882353,"49"
5,0.760397394392261,0.441176470588235,"49"
5,0.770201315960888,0.470588235294118,"49"
11,1.30564347777236,0.5,"49"
3,-0.153568153143357,-0.5,"50"
5,0.196786184269264,-0.470588235294118,"50"
6,0.328137810367195,-0.441176470588235,"50"
11,0.742032267649366,-0.411764705882353,"50"
8,0.539533701805637,-0.382352941176471,"50"
7,0.460316694957916,-0.352941176470588,"50"
7,0.470120616526543,-0.323529411764706,"50"
8,0.568945466511519,-0.294117647058824,"50"
6,0.386961339778959,-0.264705882352941,"50"
6,0.396765261347587,-0.235294117647059,"50"
6,0.406569182916214,-0.205882352941176,"50"
5,0.294825399955539,-0.176470588235294,"50"
4,0.15586695398136,-0.147058823529412,"50"
11,0.84007148333564,-0.117647058823529,"50"
6,0.445784869190724,-0.0882352941176471,"50"
4,0.185278718687242,-0.0588235294117647,"50"
6,0.465392712327979,-0.0294117647058824,"50"
13,0.990656559385594,0,"50"
9,0.755310627537344,0.0294117647058824,"50"
8,0.686592525335048,0.0588235294117647,"50"
7,0.607375518487328,0.0882352941176471,"50"
8,0.706200368472303,0.117647058823529,"50"
5,0.402668537210441,0.147058823529412,"50"
11,0.938110699021915,0.176470588235294,"50"
6,0.543824084876999,0.205882352941176,"50"
9,0.823938078517736,0.235294117647059,"50"
5,0.44188422348495,0.264705882352941,"50"
7,0.67600296946772,0.294117647058823,"50"
9,0.853349843223618,0.323529411764706,"50"
7,0.695610812604975,0.352941176470588,"50"
9,0.872957686360873,0.382352941176471,"50"
6,0.612451535857391,0.411764705882353,"50"
7,0.725022577310857,0.441176470588235,"50"
6,0.632059378994646,0.470588235294118,"50"
13,1.15732322605226,0.5,"50"
