"id";"X";"Y"
1;5;1
2;5;1
3;5;1
4;5;1
5;5;1
6;5;1
7;5;1
8;5;1
9;5;1
10;5;1
11;5;1
12;5;1
13;5;1
14;5;1
15;5;1
16;5;1
17;5;1
18;5;1
19;5;1
20;5;1
21;5;1
22;5;1
23;5;1
24;5;1
25;5;1
26;5;1
27;5;1
28;5;1
29;5;1
30;5;1
31;5;1
32;5;1
33;5;1
34;5;1
35;5;1
36;5;1
37;5;1
38;5;1
39;5;1
40;5;1
41;5;1
42;5;1
43;5;1
44;5;1
45;5;1
46;5;1
47;5;1
48;5;1
49;5;1
50;5;1
51;5;1
52;5;1
53;5;1
54;5;1
55;5;1
56;5;1
57;5;1
58;5;1
59;5;1
60;5;1
61;5;1
62;5;1
63;5;1
64;5;1
65;5;1
66;5;1
67;5;1
68;5;1
69;5;1
70;5;1
71;5;1
72;5;1
73;5;1
74;5;1
75;5;1
76;5;1
77;5;1
78;5;1
79;5;1
80;5;1
81;5;1
82;5;1
83;5;1
84;5;1
85;5;1
86;5;1
87;5;1
88;5;1
89;5;1
90;5;1
91;5;1
92;5;1
93;5;1
94;5;1
95;5;1
96;5;1
97;5;1
98;5;1
99;5;1
100;5;1
101;7;1
102;7;1
103;7;1
104;7;1
105;7;1
106;7;1
107;7;1
108;7;1
109;7;1
110;7;1
111;7;1
112;7;1
113;7;1
114;7;1
115;7;1
116;7;1
117;7;1
118;7;1
119;7;1
120;7;1
121;7;1
122;7;1
123;7;1
124;7;1
125;7;1
126;7;1
127;7;1
128;7;1
129;7;1
130;7;1
131;7;1
132;7;1
133;7;1
134;7;1
135;7;1
136;7;1
137;7;1
138;7;1
139;7;1
140;7;1
141;7;1
142;7;1
143;7;1
144;7;1
145;7;1
146;7;1
147;7;1
148;7;1
149;7;1
150;7;1
151;7;1
152;7;1
153;7;1
154;7;1
155;7;1
156;7;1
157;7;1
158;7;1
159;7;1
160;7;1
161;7;1
162;7;1
163;7;1
164;7;1
165;7;1
166;7;1
167;7;1
168;7;1
169;7;1
170;7;1
171;7;1
172;7;1
173;7;1
174;7;1
175;7;1
176;7;1
177;7;1
178;7;1
179;7;1
180;7;1
181;7;1
182;7;1
183;7;1
184;7;1
185;7;1
186;7;1
187;7;1
188;7;1
189;7;1
190;7;1
191;7;1
192;7;1
193;7;1
194;7;1
195;7;1
196;7;1
197;7;1
198;7;1
199;7;1
200;7;1
201;7;1
202;7;1
203;7;1
204;7;1
205;7;1
206;7;1
207;7;1
208;7;1
209;7;1
210;7;1
211;7;1
212;7;1
213;7;1
214;7;1
215;7;1
216;7;1
217;7;1
218;7;1
219;7;1
220;7;1
221;7;1
222;7;1
223;9;1
224;9;1
225;9;1
226;9;1
227;9;1
228;9;1
229;9;1
230;9;1
231;9;1
232;9;1
233;9;1
234;9;1
235;9;1
236;9;1
237;9;1
238;9;1
239;9;1
240;9;1
241;9;1
242;9;1
243;9;1
244;9;1
245;9;1
246;9;1
247;9;1
248;9;1
249;9;1
250;9;1
251;9;1
252;9;1
253;9;1
254;9;1
255;9;1
256;9;1
257;9;1
258;9;1
259;9;1
260;9;1
261;9;1
262;9;1
263;9;1
264;9;1
265;9;1
266;9;1
267;9;1
268;9;1
269;9;1
270;9;1
271;9;1
272;9;1
273;9;1
274;9;1
275;9;1
276;9;1
277;9;1
278;9;1
279;9;1
280;9;1
281;9;1
282;9;1
283;9;1
284;9;1
285;9;1
286;9;1
287;9;1
288;9;1
289;9;1
290;9;1
291;9;1
292;9;1
293;9;1
294;9;1
295;9;1
296;9;1
297;9;1
298;9;1
299;9;1
300;9;1
301;9;1
302;9;1
303;9;1
304;9;1
305;9;1
306;9;1
307;9;1
308;9;1
309;9;1
310;9;1
311;9;1
312;9;1
313;9;1
314;9;1
315;9;1
316;9;1
317;9;1
318;9;1
319;9;1
320;9;1
321;9;1
322;9;1
323;9;1
324;9;1
325;9;1
326;9;1
327;9;1
328;9;1
329;9;1
330;9;1
331;9;1
332;9;1
333;9;1
334;9;1
335;9;1
336;9;1
337;9;1
338;9;1
339;9;1
340;9;1
341;9;1
342;9;1
343;9;1
344;9;1
345;9;1
346;9;1
347;9;1
348;9;1
349;9;1
350;9;1
351;9;1
352;9;1
353;9;1
354;9;1
355;9;1
356;9;1
357;9;1
358;9;1
359;9;1
360;9;1
361;9;1
362;9;1
363;9;1
364;9;1
365;9;1
366;9;1
367;9;1
368;9;1
369;9;1
370;11;1
371;11;1
372;11;1
373;11;1
374;11;1
375;11;1
376;11;1
377;11;1
378;11;1
379;11;1
380;11;1
381;11;1
382;11;1
383;11;1
384;11;1
385;11;1
386;11;1
387;11;1
388;11;1
389;11;1
390;11;1
391;11;1
392;11;1
393;11;1
394;11;1
395;11;1
396;11;1
397;11;1
398;11;1
399;11;1
400;11;1
401;11;1
402;11;1
403;11;1
404;11;1
405;11;1
406;11;1
407;11;1
408;11;1
409;11;1
410;11;1
411;11;1
412;11;1
413;11;1
414;11;1
415;11;1
416;11;1
417;11;1
418;11;1
419;11;1
420;11;1
421;11;1
422;11;1
423;11;1
424;11;1
425;11;1
426;11;1
427;11;1
428;11;1
429;11;1
430;11;1
431;11;1
432;11;1
433;11;1
434;11;1
435;11;1
436;11;1
437;11;1
438;11;1
439;11;1
440;11;1
441;11;1
442;11;1
443;11;1
444;11;1
445;11;1
446;11;1
447;11;1
448;11;1
449;11;1
450;11;1
451;11;1
452;11;1
453;11;1
454;11;1
455;11;1
456;11;1
457;11;1
458;11;1
459;11;1
460;11;1
461;11;1
462;11;1
463;11;1
464;11;1
465;11;1
466;11;1
467;11;1
468;11;1
469;11;1
470;11;1
471;11;1
472;11;1
473;11;1
474;11;1
475;11;1
476;11;1
477;11;1
478;11;1
479;11;1
480;11;1
481;11;1
482;11;1
483;11;1
484;11;1
485;11;1
486;11;1
487;11;1
488;11;1
489;11;1
490;11;1
491;11;1
492;11;1
493;11;1
494;11;1
495;11;1
496;11;1
497;11;1
498;11;1
499;11;1
500;11;1
501;11;1
502;11;1
503;11;1
504;11;1
505;11;1
506;11;1
507;11;1
508;11;1
509;11;1
510;11;1
511;11;1
512;11;1
513;11;1
514;11;1
515;11;1
516;11;1
517;11;1
518;11;1
519;11;1
520;11;1
521;11;1
522;11;1
523;11;1
524;11;1
525;11;1
526;11;1
527;11;1
528;11;1
529;11;1
530;11;1
531;11;1
532;11;1
533;11;1
534;11;1
535;11;1
536;11;1
537;11;1
538;11;1
539;11;1
540;11;1
541;11;1
542;11;1
543;11;1
544;11;1
545;11;1
546;13;1
547;13;1
548;13;1
549;13;1
550;13;1
551;13;1
552;13;1
553;13;1
554;13;1
555;13;1
556;13;1
557;13;1
558;13;1
559;13;1
560;13;1
561;13;1
562;13;1
563;13;1
564;13;1
565;13;1
566;13;1
567;13;1
568;13;1
569;13;1
570;13;1
571;13;1
572;13;1
573;13;1
574;13;1
575;13;1
576;13;1
577;13;1
578;13;1
579;13;1
580;13;1
581;13;1
582;13;1
583;13;1
584;13;1
585;13;1
586;13;1
587;13;1
588;13;1
589;13;1
590;13;1
591;13;1
592;13;1
593;13;1
594;13;1
595;13;1
596;13;1
597;13;1
598;13;1
599;13;1
600;13;1
601;13;1
602;13;1
603;13;1
604;13;1
605;13;1
606;13;1
607;13;1
608;13;1
609;13;1
610;13;1
611;13;1
612;13;1
613;13;1
614;13;1
615;13;1
616;13;1
617;13;1
618;13;1
619;13;1
620;13;1
621;13;1
622;13;1
623;13;1
624;13;1
625;13;1
626;13;1
627;13;1
628;13;1
629;13;1
630;13;1
631;13;1
632;13;1
633;13;1
634;13;1
635;13;1
636;13;1
637;13;1
638;13;1
639;13;1
640;13;1
641;13;1
642;13;1
643;13;1
644;13;1
645;13;1
646;13;1
647;13;1
648;13;1
649;13;1
650;13;1
651;13;1
652;13;1
653;13;1
654;13;1
655;13;1
656;13;1
657;13;1
658;13;1
659;13;1
660;13;1
661;13;1
662;13;1
663;13;1
664;13;1
665;13;1
666;13;1
667;13;1
668;13;1
669;13;1
670;13;1
671;13;1
672;13;1
673;13;1
674;13;1
675;13;1
676;13;1
677;13;1
678;13;1
679;13;1
680;13;1
681;13;1
682;13;1
683;13;1
684;13;1
685;13;1
686;13;1
687;13;1
688;13;1
689;13;1
690;13;1
691;13;1
692;13;1
693;13;1
694;13;1
695;13;1
696;13;1
697;13;1
698;13;1
699;13;1
700;13;1
701;13;1
702;13;1
703;13;1
704;13;1
705;13;1
706;13;1
707;13;1
708;13;1
709;13;1
710;13;1
711;13;1
712;13;1
713;13;1
714;13;1
715;13;1
716;13;1
717;13;1
718;13;1
719;13;1
720;13;1
721;13;1
722;13;1
723;13;1
724;13;1
725;13;1
726;13;1
727;13;1
728;13;1
729;13;1
730;13;1
731;13;1
732;13;1
733;13;1
734;13;1
735;13;1
736;13;1
737;13;1
738;13;1
739;13;1
740;13;1
741;13;1
742;13;1
743;13;1
744;13;1
745;13;1
746;13;1
747;13;1
748;13;1
749;13;1
750;13;1
751;13;1
752;13;1
753;13;1
754;13;1
755;13;1
756;13;1
757;15;1
758;15;1
759;15;1
760;15;1
761;15;1
762;15;1
763;15;1
764;15;1
765;15;1
766;15;1
767;15;1
768;15;1
769;15;1
770;15;1
771;15;1
772;15;1
773;15;1
774;15;1
775;15;1
776;15;1
777;15;1
778;15;1
779;15;1
780;15;1
781;15;1
782;15;1
783;15;1
784;15;1
785;15;1
786;15;1
787;15;1
788;15;1
789;15;1
790;15;1
791;15;1
792;15;1
793;15;1
794;15;1
795;15;1
796;15;1
797;15;1
798;15;1
799;15;1
800;15;1
801;15;1
802;15;1
803;15;1
804;15;1
805;15;1
806;15;1
807;15;1
808;15;1
809;15;1
810;15;1
811;15;1
812;15;1
813;15;1
814;15;1
815;15;1
816;15;1
817;15;1
818;15;1
819;15;1
820;15;1
821;15;1
822;15;1
823;15;1
824;15;1
825;15;1
826;15;1
827;15;1
828;15;1
829;15;1
830;15;1
831;15;1
832;15;1
833;15;1
834;15;1
835;15;1
836;15;1
837;15;1
838;15;1
839;15;1
840;15;1
841;15;1
842;15;1
843;15;1
844;15;1
845;15;1
846;15;1
847;15;1
848;15;1
849;15;1
850;15;1
851;15;1
852;15;1
853;15;1
854;15;1
855;15;1
856;15;1
857;15;1
858;15;1
859;15;1
860;15;1
861;15;1
862;15;1
863;15;1
864;15;1
865;15;1
866;15;1
867;15;1
868;15;1
869;15;1
870;15;1
871;15;1
872;15;1
873;15;1
874;15;1
875;15;1
876;15;1
877;15;1
878;15;1
879;15;1
880;15;1
881;15;1
882;15;1
883;15;1
884;15;1
885;15;1
886;15;1
887;15;1
888;15;1
889;15;1
890;15;1
891;15;1
892;15;1
893;15;1
894;15;1
895;15;1
896;15;1
897;15;1
898;15;1
899;15;1
900;15;1
901;15;1
902;15;1
903;15;1
904;15;1
905;15;1
906;15;1
907;15;1
908;15;1
909;15;1
910;15;1
911;15;1
912;15;1
913;15;1
914;15;1
915;15;1
916;15;1
917;15;1
918;15;1
919;15;1
920;15;1
921;15;1
922;15;1
923;15;1
924;15;1
925;15;1
926;15;1
927;15;1
928;15;1
929;15;1
930;15;1
931;15;1
932;15;1
933;15;1
934;15;1
935;15;1
936;15;1
937;15;1
938;15;1
939;15;1
940;15;1
941;15;1
942;15;1
943;15;1
944;15;1
945;15;1
946;15;1
947;15;1
948;15;1
949;15;1
950;15;1
951;15;1
952;15;1
953;15;1
954;15;1
955;15;1
956;15;1
957;15;1
958;15;1
959;15;1
960;15;1
961;15;1
962;15;1
963;15;1
964;15;1
965;15;1
966;15;1
967;15;1
968;15;1
969;15;1
970;15;1
971;15;1
972;15;1
973;15;1
974;15;1
975;15;1
976;15;1
977;15;1
978;15;1
979;15;1
980;15;1
981;15;1
982;15;1
983;15;1
984;15;1
985;15;1
986;15;1
987;15;1
988;15;1
989;15;1
990;15;1
991;15;1
992;15;1
993;15;1
994;15;1
995;15;1
996;15;1
997;15;1
998;15;1
999;15;1
1000;15;1
1001;17;1
1002;17;1
1003;17;1
1004;17;1
1005;17;1
1006;17;1
1007;17;1
1008;17;1
1009;17;1
1010;17;1
1011;17;1
1012;17;1
1013;17;1
1014;17;1
1015;17;1
1016;17;1
1017;17;1
1018;17;1
1019;17;1
1020;17;1
1021;17;1
1022;17;1
1023;17;1
1024;17;1
1025;17;1
1026;17;1
1027;17;1
1028;17;1
1029;17;1
1030;17;1
1031;17;1
1032;17;1
1033;17;1
1034;17;1
1035;17;1
1036;17;1
1037;17;1
1038;17;1
1039;17;1
1040;17;1
1041;17;1
1042;17;1
1043;17;1
1044;17;1
1045;17;1
1046;17;1
1047;17;1
1048;17;1
1049;17;1
1050;17;1
1051;17;1
1052;17;1
1053;17;1
1054;17;1
1055;17;1
1056;17;1
1057;17;1
1058;17;1
1059;17;1
1060;17;1
1061;17;1
1062;17;1
1063;17;1
1064;17;1
1065;17;1
1066;17;1
1067;17;1
1068;17;1
1069;17;1
1070;17;1
1071;17;1
1072;17;1
1073;17;1
1074;17;1
1075;17;1
1076;17;1
1077;17;1
1078;17;1
1079;17;1
1080;17;1
1081;17;1
1082;17;1
1083;17;1
1084;17;1
1085;17;1
1086;17;1
1087;17;1
1088;17;1
1089;17;1
1090;17;1
1091;17;1
1092;17;1
1093;17;1
1094;17;1
1095;17;1
1096;17;1
1097;17;1
1098;17;1
1099;17;1
1100;17;1
1101;17;1
1102;17;1
1103;17;1
1104;17;1
1105;17;1
1106;17;1
1107;17;1
1108;17;1
1109;17;1
1110;17;1
1111;17;1
1112;17;1
1113;17;1
1114;17;1
1115;17;1
1116;17;1
1117;17;1
1118;17;1
1119;17;1
1120;17;1
1121;17;1
1122;17;1
1123;17;1
1124;17;1
1125;17;1
1126;17;1
1127;17;1
1128;17;1
1129;17;1
1130;17;1
1131;17;1
1132;17;1
1133;17;1
1134;17;1
1135;17;1
1136;17;1
1137;17;1
1138;17;1
1139;17;1
1140;17;1
1141;17;1
1142;17;1
1143;17;1
1144;17;1
1145;17;1
1146;17;1
1147;17;1
1148;17;1
1149;17;1
1150;17;1
1151;17;1
1152;17;1
1153;17;1
1154;17;1
1155;17;1
1156;17;1
1157;17;1
1158;17;1
1159;17;1
1160;17;1
1161;17;1
1162;17;1
1163;17;1
1164;17;1
1165;17;1
1166;17;1
1167;17;1
1168;17;1
1169;17;1
1170;17;1
1171;17;1
1172;17;1
1173;17;1
1174;17;1
1175;17;1
1176;17;1
1177;17;1
1178;17;1
1179;17;1
1180;17;1
1181;17;1
1182;17;1
1183;17;1
1184;17;1
1185;17;1
1186;17;1
1187;17;1
1188;17;1
1189;17;1
1190;17;1
1191;17;1
1192;17;1
1193;17;1
1194;17;1
1195;17;1
1196;17;1
1197;17;1
1198;17;1
1199;17;1
1200;17;1
1201;17;1
1202;17;1
1203;17;1
1204;17;1
1205;17;1
1206;17;1
1207;17;1
1208;17;1
1209;17;1
1210;17;1
1211;17;1
1212;17;1
1213;17;1
1214;17;1
1215;17;1
1216;17;1
1217;17;1
1218;17;1
1219;17;1
1220;17;1
1221;17;1
1222;17;1
1223;17;1
1224;17;1
1225;17;1
1226;17;1
1227;17;1
1228;17;1
1229;17;1
1230;17;1
1231;17;1
1232;17;1
1233;17;1
1234;17;1
1235;17;1
1236;17;1
1237;17;1
1238;17;1
1239;17;1
1240;17;1
1241;17;1
1242;17;1
1243;17;1
1244;17;1
1245;17;1
1246;17;1
1247;17;1
1248;17;1
1249;17;1
1250;17;1
1251;17;1
1252;17;1
1253;17;1
1254;17;1
1255;17;1
1256;17;1
1257;17;1
1258;17;1
1259;17;1
1260;17;1
1261;17;1
1262;17;1
1263;17;1
1264;17;1
1265;17;1
1266;17;1
1267;17;1
1268;17;1
1269;17;1
1270;17;1
1271;17;1
1272;17;1
1273;17;1
1274;17;1
1275;17;1
1276;17;1
1277;17;1
1278;19;1
1279;19;1
1280;19;1
1281;19;1
1282;19;1
1283;19;1
1284;19;1
1285;19;1
1286;19;1
1287;19;1
1288;19;1
1289;19;1
1290;19;1
1291;19;1
1292;19;1
1293;19;1
1294;19;1
1295;19;1
1296;19;1
1297;19;1
1298;19;1
1299;19;1
1300;19;1
1301;19;1
1302;19;1
1303;19;1
1304;19;1
1305;19;1
1306;19;1
1307;19;1
1308;19;1
1309;19;1
1310;19;1
1311;19;1
1312;19;1
1313;19;1
1314;19;1
1315;19;1
1316;19;1
1317;19;1
1318;19;1
1319;19;1
1320;19;1
1321;19;1
1322;19;1
1323;19;1
1324;19;1
1325;19;1
1326;19;1
1327;19;1
1328;19;1
1329;19;1
1330;19;1
1331;19;1
1332;19;1
1333;19;1
1334;19;1
1335;19;1
1336;19;1
1337;19;1
1338;19;1
1339;19;1
1340;19;1
1341;19;1
1342;19;1
1343;19;1
1344;19;1
1345;19;1
1346;19;1
1347;19;1
1348;19;1
1349;19;1
1350;19;1
1351;19;1
1352;19;1
1353;19;1
1354;19;1
1355;19;1
1356;19;1
1357;19;1
1358;19;1
1359;19;1
1360;19;1
1361;19;1
1362;19;1
1363;19;1
1364;19;1
1365;19;1
1366;19;1
1367;19;1
1368;19;1
1369;19;1
1370;19;1
1371;19;1
1372;19;1
1373;19;1
1374;19;1
1375;19;1
1376;19;1
1377;19;1
1378;19;1
1379;19;1
1380;19;1
1381;19;1
1382;19;1
1383;19;1
1384;19;1
1385;19;1
1386;19;1
1387;19;1
1388;19;1
1389;19;1
1390;19;1
1391;19;1
1392;19;1
1393;19;1
1394;19;1
1395;19;1
1396;19;1
1397;19;1
1398;19;1
1399;19;1
1400;19;1
1401;19;1
1402;19;1
1403;19;1
1404;19;1
1405;19;1
1406;19;1
1407;19;1
1408;19;1
1409;19;1
1410;19;1
1411;19;1
1412;19;1
1413;19;1
1414;19;1
1415;19;1
1416;19;1
1417;19;1
1418;19;1
1419;19;1
1420;19;1
1421;19;1
1422;19;1
1423;19;1
1424;19;1
1425;19;1
1426;19;1
1427;19;1
1428;19;1
1429;19;1
1430;19;1
1431;19;1
1432;19;1
1433;19;1
1434;19;1
1435;19;1
1436;19;1
1437;19;1
1438;19;1
1439;19;1
1440;19;1
1441;19;1
1442;19;1
1443;19;1
1444;19;1
1445;19;1
1446;19;1
1447;19;1
1448;19;1
1449;19;1
1450;19;1
1451;19;1
1452;19;1
1453;19;1
1454;19;1
1455;19;1
1456;19;1
1457;19;1
1458;19;1
1459;19;1
1460;19;1
1461;19;1
1462;19;1
1463;19;1
1464;19;1
1465;19;1
1466;19;1
1467;19;1
1468;19;1
1469;19;1
1470;19;1
1471;19;1
1472;19;1
1473;19;1
1474;19;1
1475;19;1
1476;19;1
1477;19;1
1478;19;1
1479;19;1
1480;19;1
1481;19;1
1482;19;1
1483;19;1
1484;19;1
1485;19;1
1486;19;1
1487;19;1
1488;19;1
1489;19;1
1490;19;1
1491;19;1
1492;19;1
1493;19;1
1494;19;1
1495;19;1
1496;19;1
1497;19;1
1498;19;1
1499;19;1
1500;19;1
1501;19;1
1502;19;1
1503;19;1
1504;19;1
1505;19;1
1506;19;1
1507;19;1
1508;19;1
1509;19;1
1510;19;1
1511;19;1
1512;19;1
1513;19;1
1514;19;1
1515;19;1
1516;19;1
1517;19;1
1518;19;1
1519;19;1
1520;19;1
1521;19;1
1522;19;1
1523;19;1
1524;19;1
1525;19;1
1526;19;1
1527;19;1
1528;19;1
1529;19;1
1530;19;1
1531;19;1
1532;19;1
1533;19;1
1534;19;1
1535;19;1
1536;19;1
1537;19;1
1538;19;1
1539;19;1
1540;19;1
1541;19;1
1542;19;1
1543;19;1
1544;19;1
1545;19;1
1546;19;1
1547;19;1
1548;19;1
1549;19;1
1550;19;1
1551;19;1
1552;19;1
1553;19;1
1554;19;1
1555;19;1
1556;19;1
1557;19;1
1558;19;1
1559;19;1
1560;19;1
1561;19;1
1562;19;1
1563;19;1
1564;19;1
1565;19;1
1566;19;1
1567;19;1
1568;19;1
1569;19;1
1570;19;1
1571;19;1
1572;19;1
1573;19;1
1574;19;1
1575;19;1
1576;19;1
1577;19;1
1578;19;1
1579;19;1
1580;19;1
1581;19;1
1582;19;1
1583;19;1
1584;19;1
1585;19;1
1586;19;1
1587;19;1
1588;21;1
1589;21;1
1590;21;1
1591;21;1
1592;21;1
1593;21;1
1594;21;1
1595;21;1
1596;21;1
1597;21;1
1598;21;1
1599;21;1
1600;21;1
1601;21;1
1602;21;1
1603;21;1
1604;21;1
1605;21;1
1606;21;1
1607;21;1
1608;21;1
1609;21;1
1610;21;1
1611;21;1
1612;21;1
1613;21;1
1614;21;1
1615;21;1
1616;21;1
1617;21;1
1618;21;1
1619;21;1
1620;21;1
1621;21;1
1622;21;1
1623;21;1
1624;21;1
1625;21;1
1626;21;1
1627;21;1
1628;21;1
1629;21;1
1630;21;1
1631;21;1
1632;21;1
1633;21;1
1634;21;1
1635;21;1
1636;21;1
1637;21;1
1638;21;1
1639;21;1
1640;21;1
1641;21;1
1642;21;1
1643;21;1
1644;21;1
1645;21;1
1646;21;1
1647;21;1
1648;21;1
1649;21;1
1650;21;1
1651;21;1
1652;21;1
1653;21;1
1654;21;1
1655;21;1
1656;21;1
1657;21;1
1658;21;1
1659;21;1
1660;21;1
1661;21;1
1662;21;1
1663;21;1
1664;21;1
1665;21;1
1666;21;1
1667;21;1
1668;21;1
1669;21;1
1670;21;1
1671;21;1
1672;21;1
1673;21;1
1674;21;1
1675;21;1
1676;21;1
1677;21;1
1678;21;1
1679;21;1
1680;21;1
1681;21;1
1682;21;1
1683;21;1
1684;21;1
1685;21;1
1686;21;1
1687;21;1
1688;21;1
1689;21;1
1690;21;1
1691;21;1
1692;21;1
1693;21;1
1694;21;1
1695;21;1
1696;21;1
1697;21;1
1698;21;1
1699;21;1
1700;21;1
1701;21;1
1702;21;1
1703;21;1
1704;21;1
1705;21;1
1706;21;1
1707;21;1
1708;21;1
1709;21;1
1710;21;1
1711;21;1
1712;21;1
1713;21;1
1714;21;1
1715;21;1
1716;21;1
1717;21;1
1718;21;1
1719;21;1
1720;21;1
1721;21;1
1722;21;1
1723;21;1
1724;21;1
1725;21;1
1726;21;1
1727;21;1
1728;21;1
1729;21;1
1730;21;1
1731;21;1
1732;21;1
1733;21;1
1734;21;1
1735;21;1
1736;21;1
1737;21;1
1738;21;1
1739;21;1
1740;21;1
1741;21;1
1742;21;1
1743;21;1
1744;21;1
1745;21;1
1746;21;1
1747;21;1
1748;21;1
1749;21;1
1750;21;1
1751;21;1
1752;21;1
1753;21;1
1754;21;1
1755;21;1
1756;21;1
1757;21;1
1758;21;1
1759;21;1
1760;21;1
1761;21;1
1762;21;1
1763;21;1
1764;21;1
1765;21;1
1766;21;1
1767;21;1
1768;21;1
1769;21;1
1770;21;1
1771;21;1
1772;21;1
1773;21;1
1774;21;1
1775;21;1
1776;21;1
1777;21;1
1778;21;1
1779;21;1
1780;21;1
1781;21;1
1782;21;1
1783;21;1
1784;21;1
1785;21;1
1786;21;1
1787;21;1
1788;21;1
1789;21;1
1790;21;1
1791;21;1
1792;21;1
1793;21;1
1794;21;1
1795;21;1
1796;21;1
1797;21;1
1798;21;1
1799;21;1
1800;21;1
1801;21;1
1802;21;1
1803;21;1
1804;21;1
1805;21;1
1806;21;1
1807;21;1
1808;21;1
1809;21;1
1810;21;1
1811;21;1
1812;21;1
1813;21;1
1814;21;1
1815;21;1
1816;21;1
1817;21;1
1818;21;1
1819;21;1
1820;21;1
1821;21;1
1822;21;1
1823;21;1
1824;21;1
1825;21;1
1826;21;1
1827;21;1
1828;21;1
1829;21;1
1830;21;1
1831;21;1
1832;21;1
1833;21;1
1834;21;1
1835;21;1
1836;21;1
1837;21;1
1838;21;1
1839;21;1
1840;21;1
1841;21;1
1842;21;1
1843;21;1
1844;21;1
1845;21;1
1846;21;1
1847;21;1
1848;21;1
1849;21;1
1850;21;1
1851;21;1
1852;21;1
1853;21;1
1854;21;1
1855;21;1
1856;21;1
1857;21;1
1858;21;1
1859;21;1
1860;21;1
1861;21;1
1862;21;1
1863;21;1
1864;21;1
1865;21;1
1866;21;1
1867;21;1
1868;21;1
1869;21;1
1870;21;1
1871;21;1
1872;21;1
1873;21;1
1874;21;1
1875;21;1
1876;21;1
1877;21;1
1878;21;1
1879;21;1
1880;21;1
1881;21;1
1882;21;1
1883;21;1
1884;21;1
1885;21;1
1886;21;1
1887;21;1
1888;21;1
1889;21;1
1890;21;1
1891;21;1
1892;21;1
1893;21;1
1894;21;1
1895;21;1
1896;21;1
1897;21;1
1898;21;1
1899;21;1
1900;21;1
1901;21;1
1902;21;1
1903;21;1
1904;21;1
1905;21;1
1906;21;1
1907;21;1
1908;21;1
1909;21;1
1910;21;1
1911;21;1
1912;21;1
1913;21;1
1914;21;1
1915;21;1
1916;21;1
1917;21;1
1918;21;1
1919;21;1
1920;21;1
1921;21;1
1922;21;1
1923;21;1
1924;21;1
1925;21;1
1926;21;1
1927;21;1
1928;21;1
1929;21;1
1930;21;1
1931;23;1
1932;23;1
1933;23;1
1934;23;1
1935;23;1
1936;23;1
1937;23;1
1938;23;1
1939;23;1
1940;23;1
1941;23;1
1942;23;1
1943;23;1
1944;23;1
1945;23;1
1946;23;1
1947;23;1
1948;23;1
1949;23;1
1950;23;1
1951;23;1
1952;23;1
1953;23;1
1954;23;1
1955;23;1
1956;23;1
1957;23;1
1958;23;1
1959;23;1
1960;23;1
1961;23;1
1962;23;1
1963;23;1
1964;23;1
1965;23;1
1966;23;1
1967;23;1
1968;23;1
1969;23;1
1970;23;1
1971;23;1
1972;23;1
1973;23;1
1974;23;1
1975;23;1
1976;23;1
1977;23;1
1978;23;1
1979;23;1
1980;23;1
1981;23;1
1982;23;1
1983;23;1
1984;23;1
1985;23;1
1986;23;1
1987;23;1
1988;23;1
1989;23;1
1990;23;1
1991;23;1
1992;23;1
1993;23;1
1994;23;1
1995;23;1
1996;23;1
1997;23;1
1998;23;1
1999;23;1
2000;23;1
2001;23;1
2002;23;1
2003;23;1
2004;23;1
2005;23;1
2006;23;1
2007;23;1
2008;23;1
2009;23;1
2010;23;1
2011;23;1
2012;23;1
2013;23;1
2014;23;1
2015;23;1
2016;23;1
2017;23;1
2018;23;1
2019;23;1
2020;23;1
2021;23;1
2022;23;1
2023;23;1
2024;23;1
2025;23;1
2026;23;1
2027;23;1
2028;23;1
2029;23;1
2030;23;1
2031;23;1
2032;23;1
2033;23;1
2034;23;1
2035;23;1
2036;23;1
2037;23;1
2038;23;1
2039;23;1
2040;23;1
2041;23;1
2042;23;1
2043;23;1
2044;23;1
2045;23;1
2046;23;1
2047;23;1
2048;23;1
2049;23;1
2050;23;1
2051;23;1
2052;23;1
2053;23;1
2054;23;1
2055;23;1
2056;23;1
2057;23;1
2058;23;1
2059;23;1
2060;23;1
2061;23;1
2062;23;1
2063;23;1
2064;23;1
2065;23;1
2066;23;1
2067;23;1
2068;23;1
2069;23;1
2070;23;1
2071;23;1
2072;23;1
2073;23;1
2074;23;1
2075;23;1
2076;23;1
2077;23;1
2078;23;1
2079;23;1
2080;23;1
2081;23;1
2082;23;1
2083;23;1
2084;23;1
2085;23;1
2086;23;1
2087;23;1
2088;23;1
2089;23;1
2090;23;1
2091;23;1
2092;23;1
2093;23;1
2094;23;1
2095;23;1
2096;23;1
2097;23;1
2098;23;1
2099;23;1
2100;23;1
2101;23;1
2102;23;1
2103;23;1
2104;23;1
2105;23;1
2106;23;1
2107;23;1
2108;23;1
2109;23;1
2110;23;1
2111;23;1
2112;23;1
2113;23;1
2114;23;1
2115;23;1
2116;23;1
2117;23;1
2118;23;1
2119;23;1
2120;23;1
2121;23;1
2122;23;1
2123;23;1
2124;23;1
2125;23;1
2126;23;1
2127;23;1
2128;23;1
2129;23;1
2130;23;1
2131;23;1
2132;23;1
2133;23;1
2134;23;1
2135;23;1
2136;23;1
2137;23;1
2138;23;1
2139;23;1
2140;23;1
2141;23;1
2142;23;1
2143;23;1
2144;23;1
2145;23;1
2146;23;1
2147;23;1
2148;23;1
2149;23;1
2150;23;1
2151;23;1
2152;23;1
2153;23;1
2154;23;1
2155;23;1
2156;23;1
2157;23;1
2158;23;1
2159;23;1
2160;23;1
2161;23;1
2162;23;1
2163;23;1
2164;23;1
2165;23;1
2166;23;1
2167;23;1
2168;23;1
2169;23;1
2170;23;1
2171;23;1
2172;23;1
2173;23;1
2174;23;1
2175;23;1
2176;23;1
2177;23;1
2178;23;1
2179;23;1
2180;23;1
2181;23;1
2182;23;1
2183;23;1
2184;23;1
2185;23;1
2186;23;1
2187;23;1
2188;23;1
2189;23;1
2190;23;1
2191;23;1
2192;23;1
2193;23;1
2194;23;1
2195;23;1
2196;23;1
2197;23;1
2198;23;1
2199;23;1
2200;23;1
2201;23;1
2202;23;1
2203;23;1
2204;23;1
2205;23;1
2206;23;1
2207;23;1
2208;23;1
2209;23;1
2210;23;1
2211;23;1
2212;23;1
2213;23;1
2214;23;1
2215;23;1
2216;23;1
2217;23;1
2218;23;1
2219;23;1
2220;23;1
2221;23;1
2222;23;1
2223;23;1
2224;23;1
2225;23;1
2226;23;1
2227;23;1
2228;23;1
2229;23;1
2230;23;1
2231;23;1
2232;23;1
2233;23;1
2234;23;1
2235;23;1
2236;23;1
2237;23;1
2238;23;1
2239;23;1
2240;23;1
2241;23;1
2242;23;1
2243;23;1
2244;23;1
2245;23;1
2246;23;1
2247;23;1
2248;23;1
2249;23;1
2250;23;1
2251;23;1
2252;23;1
2253;23;1
2254;23;1
2255;23;1
2256;23;1
2257;23;1
2258;23;1
2259;23;1
2260;23;1
2261;23;1
2262;23;1
2263;23;1
2264;23;1
2265;23;1
2266;23;1
2267;23;1
2268;23;1
2269;23;1
2270;23;1
2271;23;1
2272;23;1
2273;23;1
2274;23;1
2275;23;1
2276;23;1
2277;23;1
2278;23;1
2279;23;1
2280;23;1
2281;23;1
2282;23;1
2283;23;1
2284;23;1
2285;23;1
2286;23;1
2287;23;1
2288;23;1
2289;23;1
2290;23;1
2291;23;1
2292;23;1
2293;23;1
2294;23;1
2295;23;1
2296;23;1
2297;23;1
2298;23;1
2299;23;1
2300;23;1
2301;23;1
2302;23;1
2303;25;1
2304;25;1
2305;25;1
2306;25;1
2307;25;1
2308;25;1
2309;25;1
2310;25;1
2311;25;1
2312;25;1
2313;25;1
2314;25;1
2315;25;1
2316;25;1
2317;25;1
2318;25;1
2319;25;1
2320;25;1
2321;25;1
2322;25;1
2323;25;1
2324;25;1
2325;25;1
2326;25;1
2327;25;1
2328;25;1
2329;25;1
2330;25;1
2331;25;1
2332;25;1
2333;25;1
2334;25;1
2335;25;1
2336;25;1
2337;25;1
2338;25;1
2339;25;1
2340;25;1
2341;25;1
2342;25;1
2343;25;1
2344;25;1
2345;25;1
2346;25;1
2347;25;1
2348;25;1
2349;25;1
2350;25;1
2351;25;1
2352;25;1
2353;25;1
2354;25;1
2355;25;1
2356;25;1
2357;25;1
2358;25;1
2359;25;1
2360;25;1
2361;25;1
2362;25;1
2363;25;1
2364;25;1
2365;25;1
2366;25;1
2367;25;1
2368;25;1
2369;25;1
2370;25;1
2371;25;1
2372;25;1
2373;25;1
2374;25;1
2375;25;1
2376;25;1
2377;25;1
2378;25;1
2379;25;1
2380;25;1
2381;25;1
2382;25;1
2383;25;1
2384;25;1
2385;25;1
2386;25;1
2387;25;1
2388;25;1
2389;25;1
2390;25;1
2391;25;1
2392;25;1
2393;25;1
2394;25;1
2395;25;1
2396;25;1
2397;25;1
2398;25;1
2399;25;1
2400;25;1
2401;25;1
2402;25;1
2403;25;1
2404;25;1
2405;25;1
2406;25;1
2407;25;1
2408;25;1
2409;25;1
2410;25;1
2411;25;1
2412;25;1
2413;25;1
2414;25;1
2415;25;1
2416;25;1
2417;25;1
2418;25;1
2419;25;1
2420;25;1
2421;25;1
2422;25;1
2423;25;1
2424;25;1
2425;25;1
2426;25;1
2427;25;1
2428;25;1
2429;25;1
2430;25;1
2431;25;1
2432;25;1
2433;25;1
2434;25;1
2435;25;1
2436;25;1
2437;25;1
2438;25;1
2439;25;1
2440;25;1
2441;25;1
2442;25;1
2443;25;1
2444;25;1
2445;25;1
2446;25;1
2447;25;1
2448;25;1
2449;25;1
2450;25;1
2451;25;1
2452;25;1
2453;25;1
2454;25;1
2455;25;1
2456;25;1
2457;25;1
2458;25;1
2459;25;1
2460;25;1
2461;25;1
2462;25;1
2463;25;1
2464;25;1
2465;25;1
2466;25;1
2467;25;1
2468;25;1
2469;25;1
2470;25;1
2471;25;1
2472;25;1
2473;25;1
2474;25;1
2475;25;1
2476;25;1
2477;25;1
2478;25;1
2479;25;1
2480;25;1
2481;25;1
2482;25;1
2483;25;1
2484;25;1
2485;25;1
2486;25;1
2487;25;1
2488;25;1
2489;25;1
2490;25;1
2491;25;1
2492;25;1
2493;25;1
2494;25;1
2495;25;1
2496;25;1
2497;25;1
2498;25;1
2499;25;1
2500;25;1
2501;25;1
2502;25;1
2503;25;1
2504;25;1
2505;25;1
2506;25;1
2507;25;1
2508;25;1
2509;25;1
2510;25;1
2511;25;1
2512;25;1
2513;25;1
2514;25;1
2515;25;1
2516;25;1
2517;25;1
2518;25;1
2519;25;1
2520;25;1
2521;25;1
2522;25;1
2523;25;1
2524;25;1
2525;25;1
2526;25;1
2527;25;1
2528;25;1
2529;25;1
2530;25;1
2531;25;1
2532;25;1
2533;25;1
2534;25;1
2535;25;1
2536;25;1
2537;25;1
2538;25;1
2539;25;1
2540;25;1
2541;25;1
2542;25;1
2543;25;1
2544;25;1
2545;25;1
2546;25;1
2547;25;1
2548;25;1
2549;25;1
2550;25;1
2551;25;1
2552;25;1
2553;25;1
2554;25;1
2555;25;1
2556;25;1
2557;25;1
2558;25;1
2559;25;1
2560;25;1
2561;25;1
2562;25;1
2563;25;1
2564;25;1
2565;25;1
2566;25;1
2567;25;1
2568;25;1
2569;25;1
2570;25;1
2571;25;1
2572;25;1
2573;25;1
2574;25;1
2575;25;1
2576;25;1
2577;25;1
2578;25;1
2579;25;1
2580;25;1
2581;25;1
2582;25;1
2583;25;1
2584;25;1
2585;25;1
2586;25;1
2587;25;1
2588;25;1
2589;25;1
2590;25;1
2591;25;1
2592;25;1
2593;25;1
2594;25;1
2595;25;1
2596;25;1
2597;25;1
2598;25;1
2599;25;1
2600;25;1
2601;25;1
2602;25;1
2603;25;1
2604;25;1
2605;25;1
2606;25;1
2607;25;1
2608;25;1
2609;25;1
2610;25;1
2611;25;1
2612;25;1
2613;25;1
2614;25;1
2615;25;1
2616;25;1
2617;25;1
2618;25;1
2619;25;1
2620;25;1
2621;25;1
2622;25;1
2623;25;1
2624;25;1
2625;25;1
2626;25;1
2627;25;1
2628;25;1
2629;25;1
2630;25;1
2631;25;1
2632;25;1
2633;25;1
2634;25;1
2635;25;1
2636;25;1
2637;25;1
2638;25;1
2639;25;1
2640;25;1
2641;25;1
2642;25;1
2643;25;1
2644;25;1
2645;25;1
2646;25;1
2647;25;1
2648;25;1
2649;25;1
2650;25;1
2651;25;1
2652;25;1
2653;25;1
2654;25;1
2655;25;1
2656;25;1
2657;25;1
2658;25;1
2659;25;1
2660;25;1
2661;25;1
2662;25;1
2663;25;1
2664;25;1
2665;25;1
2666;25;1
2667;25;1
2668;25;1
2669;25;1
2670;25;1
2671;25;1
2672;25;1
2673;25;1
2674;25;1
2675;25;1
2676;25;1
2677;25;1
2678;25;1
2679;25;1
2680;25;1
2681;25;1
2682;25;1
2683;25;1
2684;25;1
2685;25;1
2686;25;1
2687;25;1
2688;25;1
2689;25;1
2690;25;1
2691;25;1
2692;25;1
2693;25;1
2694;5;0
2695;5;0
2696;5;0
2697;5;0
2698;5;0
2699;5;0
2700;5;0
2701;5;0
2702;5;0
2703;5;0
2704;5;0
2705;5;0
2706;5;0
2707;5;0
2708;5;0
2709;5;0
2710;5;0
2711;5;0
2712;5;0
2713;5;0
2714;5;0
2715;5;0
2716;5;0
2717;5;0
2718;5;0
2719;5;0
2720;5;0
2721;5;0
2722;5;0
2723;5;0
2724;5;0
2725;5;0
2726;5;0
2727;5;0
2728;5;0
2729;5;0
2730;5;0
2731;5;0
2732;5;0
2733;5;0
2734;5;0
2735;5;0
2736;5;0
2737;5;0
2738;5;0
2739;5;0
2740;5;0
2741;5;0
2742;5;0
2743;5;0
2744;5;0
2745;5;0
2746;5;0
2747;5;0
2748;5;0
2749;5;0
2750;5;0
2751;5;0
2752;5;0
2753;5;0
2754;5;0
2755;5;0
2756;5;0
2757;5;0
2758;5;0
2759;5;0
2760;5;0
2761;5;0
2762;5;0
2763;5;0
2764;5;0
2765;5;0
2766;5;0
2767;5;0
2768;5;0
2769;5;0
2770;5;0
2771;5;0
2772;5;0
2773;5;0
2774;5;0
2775;5;0
2776;5;0
2777;5;0
2778;5;0
2779;5;0
2780;5;0
2781;5;0
2782;5;0
2783;5;0
2784;5;0
2785;5;0
2786;5;0
2787;5;0
2788;5;0
2789;5;0
2790;5;0
2791;5;0
2792;5;0
2793;5;0
2794;5;0
2795;5;0
2796;5;0
2797;5;0
2798;5;0
2799;5;0
2800;5;0
2801;5;0
2802;5;0
2803;5;0
2804;5;0
2805;5;0
2806;5;0
2807;5;0
2808;5;0
2809;5;0
2810;5;0
2811;5;0
2812;5;0
2813;5;0
2814;5;0
2815;5;0
2816;5;0
2817;5;0
2818;5;0
2819;5;0
2820;5;0
2821;5;0
2822;5;0
2823;5;0
2824;5;0
2825;5;0
2826;5;0
2827;5;0
2828;5;0
2829;5;0
2830;5;0
2831;5;0
2832;5;0
2833;5;0
2834;5;0
2835;5;0
2836;5;0
2837;5;0
2838;5;0
2839;5;0
2840;5;0
2841;5;0
2842;5;0
2843;5;0
2844;5;0
2845;5;0
2846;5;0
2847;5;0
2848;5;0
2849;5;0
2850;5;0
2851;5;0
2852;5;0
2853;5;0
2854;5;0
2855;5;0
2856;5;0
2857;5;0
2858;5;0
2859;5;0
2860;5;0
2861;5;0
2862;5;0
2863;5;0
2864;5;0
2865;5;0
2866;5;0
2867;5;0
2868;5;0
2869;5;0
2870;5;0
2871;5;0
2872;5;0
2873;5;0
2874;5;0
2875;5;0
2876;5;0
2877;5;0
2878;5;0
2879;5;0
2880;5;0
2881;5;0
2882;5;0
2883;5;0
2884;5;0
2885;5;0
2886;5;0
2887;5;0
2888;5;0
2889;5;0
2890;5;0
2891;5;0
2892;5;0
2893;5;0
2894;5;0
2895;5;0
2896;5;0
2897;5;0
2898;5;0
2899;5;0
2900;5;0
2901;5;0
2902;5;0
2903;5;0
2904;5;0
2905;5;0
2906;5;0
2907;5;0
2908;5;0
2909;5;0
2910;5;0
2911;5;0
2912;5;0
2913;5;0
2914;5;0
2915;5;0
2916;5;0
2917;5;0
2918;5;0
2919;5;0
2920;5;0
2921;5;0
2922;5;0
2923;5;0
2924;5;0
2925;5;0
2926;5;0
2927;5;0
2928;5;0
2929;5;0
2930;5;0
2931;5;0
2932;5;0
2933;5;0
2934;5;0
2935;5;0
2936;5;0
2937;5;0
2938;5;0
2939;5;0
2940;5;0
2941;5;0
2942;5;0
2943;5;0
2944;5;0
2945;5;0
2946;5;0
2947;5;0
2948;5;0
2949;5;0
2950;5;0
2951;5;0
2952;5;0
2953;5;0
2954;5;0
2955;5;0
2956;5;0
2957;5;0
2958;5;0
2959;5;0
2960;5;0
2961;5;0
2962;5;0
2963;5;0
2964;5;0
2965;5;0
2966;5;0
2967;5;0
2968;5;0
2969;5;0
2970;5;0
2971;5;0
2972;5;0
2973;5;0
2974;5;0
2975;5;0
2976;5;0
2977;5;0
2978;5;0
2979;5;0
2980;5;0
2981;5;0
2982;5;0
2983;5;0
2984;5;0
2985;5;0
2986;5;0
2987;5;0
2988;5;0
2989;5;0
2990;5;0
2991;5;0
2992;5;0
2993;5;0
2994;5;0
2995;5;0
2996;5;0
2997;5;0
2998;5;0
2999;5;0
3000;5;0
3001;5;0
3002;5;0
3003;5;0
3004;5;0
3005;5;0
3006;5;0
3007;5;0
3008;5;0
3009;5;0
3010;5;0
3011;5;0
3012;5;0
3013;5;0
3014;5;0
3015;5;0
3016;5;0
3017;5;0
3018;5;0
3019;5;0
3020;5;0
3021;5;0
3022;5;0
3023;5;0
3024;5;0
3025;5;0
3026;5;0
3027;5;0
3028;5;0
3029;5;0
3030;5;0
3031;5;0
3032;5;0
3033;5;0
3034;5;0
3035;5;0
3036;5;0
3037;5;0
3038;5;0
3039;5;0
3040;5;0
3041;5;0
3042;5;0
3043;5;0
3044;5;0
3045;5;0
3046;5;0
3047;5;0
3048;5;0
3049;5;0
3050;5;0
3051;5;0
3052;5;0
3053;5;0
3054;5;0
3055;5;0
3056;5;0
3057;5;0
3058;5;0
3059;5;0
3060;5;0
3061;5;0
3062;5;0
3063;5;0
3064;5;0
3065;5;0
3066;5;0
3067;5;0
3068;5;0
3069;5;0
3070;5;0
3071;5;0
3072;5;0
3073;5;0
3074;5;0
3075;5;0
3076;5;0
3077;5;0
3078;5;0
3079;5;0
3080;5;0
3081;5;0
3082;5;0
3083;5;0
3084;5;0
3085;5;0
3086;5;0
3087;5;0
3088;5;0
3089;5;0
3090;5;0
3091;5;0
3092;5;0
3093;5;0
3094;7;0
3095;7;0
3096;7;0
3097;7;0
3098;7;0
3099;7;0
3100;7;0
3101;7;0
3102;7;0
3103;7;0
3104;7;0
3105;7;0
3106;7;0
3107;7;0
3108;7;0
3109;7;0
3110;7;0
3111;7;0
3112;7;0
3113;7;0
3114;7;0
3115;7;0
3116;7;0
3117;7;0
3118;7;0
3119;7;0
3120;7;0
3121;7;0
3122;7;0
3123;7;0
3124;7;0
3125;7;0
3126;7;0
3127;7;0
3128;7;0
3129;7;0
3130;7;0
3131;7;0
3132;7;0
3133;7;0
3134;7;0
3135;7;0
3136;7;0
3137;7;0
3138;7;0
3139;7;0
3140;7;0
3141;7;0
3142;7;0
3143;7;0
3144;7;0
3145;7;0
3146;7;0
3147;7;0
3148;7;0
3149;7;0
3150;7;0
3151;7;0
3152;7;0
3153;7;0
3154;7;0
3155;7;0
3156;7;0
3157;7;0
3158;7;0
3159;7;0
3160;7;0
3161;7;0
3162;7;0
3163;7;0
3164;7;0
3165;7;0
3166;7;0
3167;7;0
3168;7;0
3169;7;0
3170;7;0
3171;7;0
3172;7;0
3173;7;0
3174;7;0
3175;7;0
3176;7;0
3177;7;0
3178;7;0
3179;7;0
3180;7;0
3181;7;0
3182;7;0
3183;7;0
3184;7;0
3185;7;0
3186;7;0
3187;7;0
3188;7;0
3189;7;0
3190;7;0
3191;7;0
3192;7;0
3193;7;0
3194;7;0
3195;7;0
3196;7;0
3197;7;0
3198;7;0
3199;7;0
3200;7;0
3201;7;0
3202;7;0
3203;7;0
3204;7;0
3205;7;0
3206;7;0
3207;7;0
3208;7;0
3209;7;0
3210;7;0
3211;7;0
3212;7;0
3213;7;0
3214;7;0
3215;7;0
3216;7;0
3217;7;0
3218;7;0
3219;7;0
3220;7;0
3221;7;0
3222;7;0
3223;7;0
3224;7;0
3225;7;0
3226;7;0
3227;7;0
3228;7;0
3229;7;0
3230;7;0
3231;7;0
3232;7;0
3233;7;0
3234;7;0
3235;7;0
3236;7;0
3237;7;0
3238;7;0
3239;7;0
3240;7;0
3241;7;0
3242;7;0
3243;7;0
3244;7;0
3245;7;0
3246;7;0
3247;7;0
3248;7;0
3249;7;0
3250;7;0
3251;7;0
3252;7;0
3253;7;0
3254;7;0
3255;7;0
3256;7;0
3257;7;0
3258;7;0
3259;7;0
3260;7;0
3261;7;0
3262;7;0
3263;7;0
3264;7;0
3265;7;0
3266;7;0
3267;7;0
3268;7;0
3269;7;0
3270;7;0
3271;7;0
3272;7;0
3273;7;0
3274;7;0
3275;7;0
3276;7;0
3277;7;0
3278;7;0
3279;7;0
3280;7;0
3281;7;0
3282;7;0
3283;7;0
3284;7;0
3285;7;0
3286;7;0
3287;7;0
3288;7;0
3289;7;0
3290;7;0
3291;7;0
3292;7;0
3293;7;0
3294;7;0
3295;7;0
3296;7;0
3297;7;0
3298;7;0
3299;7;0
3300;7;0
3301;7;0
3302;7;0
3303;7;0
3304;7;0
3305;7;0
3306;7;0
3307;7;0
3308;7;0
3309;7;0
3310;7;0
3311;7;0
3312;7;0
3313;7;0
3314;7;0
3315;7;0
3316;7;0
3317;7;0
3318;7;0
3319;7;0
3320;7;0
3321;7;0
3322;7;0
3323;7;0
3324;7;0
3325;7;0
3326;7;0
3327;7;0
3328;7;0
3329;7;0
3330;7;0
3331;7;0
3332;7;0
3333;7;0
3334;7;0
3335;7;0
3336;7;0
3337;7;0
3338;7;0
3339;7;0
3340;7;0
3341;7;0
3342;7;0
3343;7;0
3344;7;0
3345;7;0
3346;7;0
3347;7;0
3348;7;0
3349;7;0
3350;7;0
3351;7;0
3352;7;0
3353;7;0
3354;7;0
3355;7;0
3356;7;0
3357;7;0
3358;7;0
3359;7;0
3360;7;0
3361;7;0
3362;7;0
3363;7;0
3364;7;0
3365;7;0
3366;7;0
3367;7;0
3368;7;0
3369;7;0
3370;7;0
3371;7;0
3372;7;0
3373;7;0
3374;7;0
3375;7;0
3376;7;0
3377;7;0
3378;7;0
3379;7;0
3380;7;0
3381;7;0
3382;7;0
3383;7;0
3384;7;0
3385;7;0
3386;7;0
3387;7;0
3388;7;0
3389;7;0
3390;7;0
3391;7;0
3392;7;0
3393;7;0
3394;7;0
3395;7;0
3396;7;0
3397;7;0
3398;7;0
3399;7;0
3400;7;0
3401;7;0
3402;7;0
3403;7;0
3404;7;0
3405;7;0
3406;7;0
3407;7;0
3408;7;0
3409;7;0
3410;7;0
3411;7;0
3412;7;0
3413;7;0
3414;7;0
3415;7;0
3416;7;0
3417;7;0
3418;7;0
3419;7;0
3420;7;0
3421;7;0
3422;7;0
3423;7;0
3424;7;0
3425;7;0
3426;7;0
3427;7;0
3428;7;0
3429;7;0
3430;7;0
3431;7;0
3432;7;0
3433;7;0
3434;7;0
3435;7;0
3436;7;0
3437;7;0
3438;7;0
3439;7;0
3440;7;0
3441;7;0
3442;7;0
3443;7;0
3444;7;0
3445;7;0
3446;7;0
3447;7;0
3448;7;0
3449;7;0
3450;7;0
3451;7;0
3452;7;0
3453;7;0
3454;7;0
3455;7;0
3456;7;0
3457;7;0
3458;7;0
3459;7;0
3460;7;0
3461;7;0
3462;7;0
3463;7;0
3464;7;0
3465;7;0
3466;7;0
3467;7;0
3468;7;0
3469;7;0
3470;7;0
3471;7;0
3472;9;0
3473;9;0
3474;9;0
3475;9;0
3476;9;0
3477;9;0
3478;9;0
3479;9;0
3480;9;0
3481;9;0
3482;9;0
3483;9;0
3484;9;0
3485;9;0
3486;9;0
3487;9;0
3488;9;0
3489;9;0
3490;9;0
3491;9;0
3492;9;0
3493;9;0
3494;9;0
3495;9;0
3496;9;0
3497;9;0
3498;9;0
3499;9;0
3500;9;0
3501;9;0
3502;9;0
3503;9;0
3504;9;0
3505;9;0
3506;9;0
3507;9;0
3508;9;0
3509;9;0
3510;9;0
3511;9;0
3512;9;0
3513;9;0
3514;9;0
3515;9;0
3516;9;0
3517;9;0
3518;9;0
3519;9;0
3520;9;0
3521;9;0
3522;9;0
3523;9;0
3524;9;0
3525;9;0
3526;9;0
3527;9;0
3528;9;0
3529;9;0
3530;9;0
3531;9;0
3532;9;0
3533;9;0
3534;9;0
3535;9;0
3536;9;0
3537;9;0
3538;9;0
3539;9;0
3540;9;0
3541;9;0
3542;9;0
3543;9;0
3544;9;0
3545;9;0
3546;9;0
3547;9;0
3548;9;0
3549;9;0
3550;9;0
3551;9;0
3552;9;0
3553;9;0
3554;9;0
3555;9;0
3556;9;0
3557;9;0
3558;9;0
3559;9;0
3560;9;0
3561;9;0
3562;9;0
3563;9;0
3564;9;0
3565;9;0
3566;9;0
3567;9;0
3568;9;0
3569;9;0
3570;9;0
3571;9;0
3572;9;0
3573;9;0
3574;9;0
3575;9;0
3576;9;0
3577;9;0
3578;9;0
3579;9;0
3580;9;0
3581;9;0
3582;9;0
3583;9;0
3584;9;0
3585;9;0
3586;9;0
3587;9;0
3588;9;0
3589;9;0
3590;9;0
3591;9;0
3592;9;0
3593;9;0
3594;9;0
3595;9;0
3596;9;0
3597;9;0
3598;9;0
3599;9;0
3600;9;0
3601;9;0
3602;9;0
3603;9;0
3604;9;0
3605;9;0
3606;9;0
3607;9;0
3608;9;0
3609;9;0
3610;9;0
3611;9;0
3612;9;0
3613;9;0
3614;9;0
3615;9;0
3616;9;0
3617;9;0
3618;9;0
3619;9;0
3620;9;0
3621;9;0
3622;9;0
3623;9;0
3624;9;0
3625;9;0
3626;9;0
3627;9;0
3628;9;0
3629;9;0
3630;9;0
3631;9;0
3632;9;0
3633;9;0
3634;9;0
3635;9;0
3636;9;0
3637;9;0
3638;9;0
3639;9;0
3640;9;0
3641;9;0
3642;9;0
3643;9;0
3644;9;0
3645;9;0
3646;9;0
3647;9;0
3648;9;0
3649;9;0
3650;9;0
3651;9;0
3652;9;0
3653;9;0
3654;9;0
3655;9;0
3656;9;0
3657;9;0
3658;9;0
3659;9;0
3660;9;0
3661;9;0
3662;9;0
3663;9;0
3664;9;0
3665;9;0
3666;9;0
3667;9;0
3668;9;0
3669;9;0
3670;9;0
3671;9;0
3672;9;0
3673;9;0
3674;9;0
3675;9;0
3676;9;0
3677;9;0
3678;9;0
3679;9;0
3680;9;0
3681;9;0
3682;9;0
3683;9;0
3684;9;0
3685;9;0
3686;9;0
3687;9;0
3688;9;0
3689;9;0
3690;9;0
3691;9;0
3692;9;0
3693;9;0
3694;9;0
3695;9;0
3696;9;0
3697;9;0
3698;9;0
3699;9;0
3700;9;0
3701;9;0
3702;9;0
3703;9;0
3704;9;0
3705;9;0
3706;9;0
3707;9;0
3708;9;0
3709;9;0
3710;9;0
3711;9;0
3712;9;0
3713;9;0
3714;9;0
3715;9;0
3716;9;0
3717;9;0
3718;9;0
3719;9;0
3720;9;0
3721;9;0
3722;9;0
3723;9;0
3724;9;0
3725;9;0
3726;9;0
3727;9;0
3728;9;0
3729;9;0
3730;9;0
3731;9;0
3732;9;0
3733;9;0
3734;9;0
3735;9;0
3736;9;0
3737;9;0
3738;9;0
3739;9;0
3740;9;0
3741;9;0
3742;9;0
3743;9;0
3744;9;0
3745;9;0
3746;9;0
3747;9;0
3748;9;0
3749;9;0
3750;9;0
3751;9;0
3752;9;0
3753;9;0
3754;9;0
3755;9;0
3756;9;0
3757;9;0
3758;9;0
3759;9;0
3760;9;0
3761;9;0
3762;9;0
3763;9;0
3764;9;0
3765;9;0
3766;9;0
3767;9;0
3768;9;0
3769;9;0
3770;9;0
3771;9;0
3772;9;0
3773;9;0
3774;9;0
3775;9;0
3776;9;0
3777;9;0
3778;9;0
3779;9;0
3780;9;0
3781;9;0
3782;9;0
3783;9;0
3784;9;0
3785;9;0
3786;9;0
3787;9;0
3788;9;0
3789;9;0
3790;9;0
3791;9;0
3792;9;0
3793;9;0
3794;9;0
3795;9;0
3796;9;0
3797;9;0
3798;9;0
3799;9;0
3800;9;0
3801;9;0
3802;9;0
3803;9;0
3804;9;0
3805;9;0
3806;9;0
3807;9;0
3808;9;0
3809;9;0
3810;9;0
3811;9;0
3812;9;0
3813;9;0
3814;9;0
3815;9;0
3816;9;0
3817;9;0
3818;9;0
3819;9;0
3820;9;0
3821;9;0
3822;9;0
3823;9;0
3824;9;0
3825;11;0
3826;11;0
3827;11;0
3828;11;0
3829;11;0
3830;11;0
3831;11;0
3832;11;0
3833;11;0
3834;11;0
3835;11;0
3836;11;0
3837;11;0
3838;11;0
3839;11;0
3840;11;0
3841;11;0
3842;11;0
3843;11;0
3844;11;0
3845;11;0
3846;11;0
3847;11;0
3848;11;0
3849;11;0
3850;11;0
3851;11;0
3852;11;0
3853;11;0
3854;11;0
3855;11;0
3856;11;0
3857;11;0
3858;11;0
3859;11;0
3860;11;0
3861;11;0
3862;11;0
3863;11;0
3864;11;0
3865;11;0
3866;11;0
3867;11;0
3868;11;0
3869;11;0
3870;11;0
3871;11;0
3872;11;0
3873;11;0
3874;11;0
3875;11;0
3876;11;0
3877;11;0
3878;11;0
3879;11;0
3880;11;0
3881;11;0
3882;11;0
3883;11;0
3884;11;0
3885;11;0
3886;11;0
3887;11;0
3888;11;0
3889;11;0
3890;11;0
3891;11;0
3892;11;0
3893;11;0
3894;11;0
3895;11;0
3896;11;0
3897;11;0
3898;11;0
3899;11;0
3900;11;0
3901;11;0
3902;11;0
3903;11;0
3904;11;0
3905;11;0
3906;11;0
3907;11;0
3908;11;0
3909;11;0
3910;11;0
3911;11;0
3912;11;0
3913;11;0
3914;11;0
3915;11;0
3916;11;0
3917;11;0
3918;11;0
3919;11;0
3920;11;0
3921;11;0
3922;11;0
3923;11;0
3924;11;0
3925;11;0
3926;11;0
3927;11;0
3928;11;0
3929;11;0
3930;11;0
3931;11;0
3932;11;0
3933;11;0
3934;11;0
3935;11;0
3936;11;0
3937;11;0
3938;11;0
3939;11;0
3940;11;0
3941;11;0
3942;11;0
3943;11;0
3944;11;0
3945;11;0
3946;11;0
3947;11;0
3948;11;0
3949;11;0
3950;11;0
3951;11;0
3952;11;0
3953;11;0
3954;11;0
3955;11;0
3956;11;0
3957;11;0
3958;11;0
3959;11;0
3960;11;0
3961;11;0
3962;11;0
3963;11;0
3964;11;0
3965;11;0
3966;11;0
3967;11;0
3968;11;0
3969;11;0
3970;11;0
3971;11;0
3972;11;0
3973;11;0
3974;11;0
3975;11;0
3976;11;0
3977;11;0
3978;11;0
3979;11;0
3980;11;0
3981;11;0
3982;11;0
3983;11;0
3984;11;0
3985;11;0
3986;11;0
3987;11;0
3988;11;0
3989;11;0
3990;11;0
3991;11;0
3992;11;0
3993;11;0
3994;11;0
3995;11;0
3996;11;0
3997;11;0
3998;11;0
3999;11;0
4000;11;0
4001;11;0
4002;11;0
4003;11;0
4004;11;0
4005;11;0
4006;11;0
4007;11;0
4008;11;0
4009;11;0
4010;11;0
4011;11;0
4012;11;0
4013;11;0
4014;11;0
4015;11;0
4016;11;0
4017;11;0
4018;11;0
4019;11;0
4020;11;0
4021;11;0
4022;11;0
4023;11;0
4024;11;0
4025;11;0
4026;11;0
4027;11;0
4028;11;0
4029;11;0
4030;11;0
4031;11;0
4032;11;0
4033;11;0
4034;11;0
4035;11;0
4036;11;0
4037;11;0
4038;11;0
4039;11;0
4040;11;0
4041;11;0
4042;11;0
4043;11;0
4044;11;0
4045;11;0
4046;11;0
4047;11;0
4048;11;0
4049;11;0
4050;11;0
4051;11;0
4052;11;0
4053;11;0
4054;11;0
4055;11;0
4056;11;0
4057;11;0
4058;11;0
4059;11;0
4060;11;0
4061;11;0
4062;11;0
4063;11;0
4064;11;0
4065;11;0
4066;11;0
4067;11;0
4068;11;0
4069;11;0
4070;11;0
4071;11;0
4072;11;0
4073;11;0
4074;11;0
4075;11;0
4076;11;0
4077;11;0
4078;11;0
4079;11;0
4080;11;0
4081;11;0
4082;11;0
4083;11;0
4084;11;0
4085;11;0
4086;11;0
4087;11;0
4088;11;0
4089;11;0
4090;11;0
4091;11;0
4092;11;0
4093;11;0
4094;11;0
4095;11;0
4096;11;0
4097;11;0
4098;11;0
4099;11;0
4100;11;0
4101;11;0
4102;11;0
4103;11;0
4104;11;0
4105;11;0
4106;11;0
4107;11;0
4108;11;0
4109;11;0
4110;11;0
4111;11;0
4112;11;0
4113;11;0
4114;11;0
4115;11;0
4116;11;0
4117;11;0
4118;11;0
4119;11;0
4120;11;0
4121;11;0
4122;11;0
4123;11;0
4124;11;0
4125;11;0
4126;11;0
4127;11;0
4128;11;0
4129;11;0
4130;11;0
4131;11;0
4132;11;0
4133;11;0
4134;11;0
4135;11;0
4136;11;0
4137;11;0
4138;11;0
4139;11;0
4140;11;0
4141;11;0
4142;11;0
4143;11;0
4144;11;0
4145;11;0
4146;11;0
4147;11;0
4148;11;0
4149;13;0
4150;13;0
4151;13;0
4152;13;0
4153;13;0
4154;13;0
4155;13;0
4156;13;0
4157;13;0
4158;13;0
4159;13;0
4160;13;0
4161;13;0
4162;13;0
4163;13;0
4164;13;0
4165;13;0
4166;13;0
4167;13;0
4168;13;0
4169;13;0
4170;13;0
4171;13;0
4172;13;0
4173;13;0
4174;13;0
4175;13;0
4176;13;0
4177;13;0
4178;13;0
4179;13;0
4180;13;0
4181;13;0
4182;13;0
4183;13;0
4184;13;0
4185;13;0
4186;13;0
4187;13;0
4188;13;0
4189;13;0
4190;13;0
4191;13;0
4192;13;0
4193;13;0
4194;13;0
4195;13;0
4196;13;0
4197;13;0
4198;13;0
4199;13;0
4200;13;0
4201;13;0
4202;13;0
4203;13;0
4204;13;0
4205;13;0
4206;13;0
4207;13;0
4208;13;0
4209;13;0
4210;13;0
4211;13;0
4212;13;0
4213;13;0
4214;13;0
4215;13;0
4216;13;0
4217;13;0
4218;13;0
4219;13;0
4220;13;0
4221;13;0
4222;13;0
4223;13;0
4224;13;0
4225;13;0
4226;13;0
4227;13;0
4228;13;0
4229;13;0
4230;13;0
4231;13;0
4232;13;0
4233;13;0
4234;13;0
4235;13;0
4236;13;0
4237;13;0
4238;13;0
4239;13;0
4240;13;0
4241;13;0
4242;13;0
4243;13;0
4244;13;0
4245;13;0
4246;13;0
4247;13;0
4248;13;0
4249;13;0
4250;13;0
4251;13;0
4252;13;0
4253;13;0
4254;13;0
4255;13;0
4256;13;0
4257;13;0
4258;13;0
4259;13;0
4260;13;0
4261;13;0
4262;13;0
4263;13;0
4264;13;0
4265;13;0
4266;13;0
4267;13;0
4268;13;0
4269;13;0
4270;13;0
4271;13;0
4272;13;0
4273;13;0
4274;13;0
4275;13;0
4276;13;0
4277;13;0
4278;13;0
4279;13;0
4280;13;0
4281;13;0
4282;13;0
4283;13;0
4284;13;0
4285;13;0
4286;13;0
4287;13;0
4288;13;0
4289;13;0
4290;13;0
4291;13;0
4292;13;0
4293;13;0
4294;13;0
4295;13;0
4296;13;0
4297;13;0
4298;13;0
4299;13;0
4300;13;0
4301;13;0
4302;13;0
4303;13;0
4304;13;0
4305;13;0
4306;13;0
4307;13;0
4308;13;0
4309;13;0
4310;13;0
4311;13;0
4312;13;0
4313;13;0
4314;13;0
4315;13;0
4316;13;0
4317;13;0
4318;13;0
4319;13;0
4320;13;0
4321;13;0
4322;13;0
4323;13;0
4324;13;0
4325;13;0
4326;13;0
4327;13;0
4328;13;0
4329;13;0
4330;13;0
4331;13;0
4332;13;0
4333;13;0
4334;13;0
4335;13;0
4336;13;0
4337;13;0
4338;13;0
4339;13;0
4340;13;0
4341;13;0
4342;13;0
4343;13;0
4344;13;0
4345;13;0
4346;13;0
4347;13;0
4348;13;0
4349;13;0
4350;13;0
4351;13;0
4352;13;0
4353;13;0
4354;13;0
4355;13;0
4356;13;0
4357;13;0
4358;13;0
4359;13;0
4360;13;0
4361;13;0
4362;13;0
4363;13;0
4364;13;0
4365;13;0
4366;13;0
4367;13;0
4368;13;0
4369;13;0
4370;13;0
4371;13;0
4372;13;0
4373;13;0
4374;13;0
4375;13;0
4376;13;0
4377;13;0
4378;13;0
4379;13;0
4380;13;0
4381;13;0
4382;13;0
4383;13;0
4384;13;0
4385;13;0
4386;13;0
4387;13;0
4388;13;0
4389;13;0
4390;13;0
4391;13;0
4392;13;0
4393;13;0
4394;13;0
4395;13;0
4396;13;0
4397;13;0
4398;13;0
4399;13;0
4400;13;0
4401;13;0
4402;13;0
4403;13;0
4404;13;0
4405;13;0
4406;13;0
4407;13;0
4408;13;0
4409;13;0
4410;13;0
4411;13;0
4412;13;0
4413;13;0
4414;13;0
4415;13;0
4416;13;0
4417;13;0
4418;13;0
4419;13;0
4420;13;0
4421;13;0
4422;13;0
4423;13;0
4424;13;0
4425;13;0
4426;13;0
4427;13;0
4428;13;0
4429;13;0
4430;13;0
4431;13;0
4432;13;0
4433;13;0
4434;13;0
4435;13;0
4436;13;0
4437;13;0
4438;15;0
4439;15;0
4440;15;0
4441;15;0
4442;15;0
4443;15;0
4444;15;0
4445;15;0
4446;15;0
4447;15;0
4448;15;0
4449;15;0
4450;15;0
4451;15;0
4452;15;0
4453;15;0
4454;15;0
4455;15;0
4456;15;0
4457;15;0
4458;15;0
4459;15;0
4460;15;0
4461;15;0
4462;15;0
4463;15;0
4464;15;0
4465;15;0
4466;15;0
4467;15;0
4468;15;0
4469;15;0
4470;15;0
4471;15;0
4472;15;0
4473;15;0
4474;15;0
4475;15;0
4476;15;0
4477;15;0
4478;15;0
4479;15;0
4480;15;0
4481;15;0
4482;15;0
4483;15;0
4484;15;0
4485;15;0
4486;15;0
4487;15;0
4488;15;0
4489;15;0
4490;15;0
4491;15;0
4492;15;0
4493;15;0
4494;15;0
4495;15;0
4496;15;0
4497;15;0
4498;15;0
4499;15;0
4500;15;0
4501;15;0
4502;15;0
4503;15;0
4504;15;0
4505;15;0
4506;15;0
4507;15;0
4508;15;0
4509;15;0
4510;15;0
4511;15;0
4512;15;0
4513;15;0
4514;15;0
4515;15;0
4516;15;0
4517;15;0
4518;15;0
4519;15;0
4520;15;0
4521;15;0
4522;15;0
4523;15;0
4524;15;0
4525;15;0
4526;15;0
4527;15;0
4528;15;0
4529;15;0
4530;15;0
4531;15;0
4532;15;0
4533;15;0
4534;15;0
4535;15;0
4536;15;0
4537;15;0
4538;15;0
4539;15;0
4540;15;0
4541;15;0
4542;15;0
4543;15;0
4544;15;0
4545;15;0
4546;15;0
4547;15;0
4548;15;0
4549;15;0
4550;15;0
4551;15;0
4552;15;0
4553;15;0
4554;15;0
4555;15;0
4556;15;0
4557;15;0
4558;15;0
4559;15;0
4560;15;0
4561;15;0
4562;15;0
4563;15;0
4564;15;0
4565;15;0
4566;15;0
4567;15;0
4568;15;0
4569;15;0
4570;15;0
4571;15;0
4572;15;0
4573;15;0
4574;15;0
4575;15;0
4576;15;0
4577;15;0
4578;15;0
4579;15;0
4580;15;0
4581;15;0
4582;15;0
4583;15;0
4584;15;0
4585;15;0
4586;15;0
4587;15;0
4588;15;0
4589;15;0
4590;15;0
4591;15;0
4592;15;0
4593;15;0
4594;15;0
4595;15;0
4596;15;0
4597;15;0
4598;15;0
4599;15;0
4600;15;0
4601;15;0
4602;15;0
4603;15;0
4604;15;0
4605;15;0
4606;15;0
4607;15;0
4608;15;0
4609;15;0
4610;15;0
4611;15;0
4612;15;0
4613;15;0
4614;15;0
4615;15;0
4616;15;0
4617;15;0
4618;15;0
4619;15;0
4620;15;0
4621;15;0
4622;15;0
4623;15;0
4624;15;0
4625;15;0
4626;15;0
4627;15;0
4628;15;0
4629;15;0
4630;15;0
4631;15;0
4632;15;0
4633;15;0
4634;15;0
4635;15;0
4636;15;0
4637;15;0
4638;15;0
4639;15;0
4640;15;0
4641;15;0
4642;15;0
4643;15;0
4644;15;0
4645;15;0
4646;15;0
4647;15;0
4648;15;0
4649;15;0
4650;15;0
4651;15;0
4652;15;0
4653;15;0
4654;15;0
4655;15;0
4656;15;0
4657;15;0
4658;15;0
4659;15;0
4660;15;0
4661;15;0
4662;15;0
4663;15;0
4664;15;0
4665;15;0
4666;15;0
4667;15;0
4668;15;0
4669;15;0
4670;15;0
4671;15;0
4672;15;0
4673;15;0
4674;15;0
4675;15;0
4676;15;0
4677;15;0
4678;15;0
4679;15;0
4680;15;0
4681;15;0
4682;15;0
4683;15;0
4684;15;0
4685;15;0
4686;15;0
4687;15;0
4688;15;0
4689;15;0
4690;15;0
4691;15;0
4692;15;0
4693;15;0
4694;17;0
4695;17;0
4696;17;0
4697;17;0
4698;17;0
4699;17;0
4700;17;0
4701;17;0
4702;17;0
4703;17;0
4704;17;0
4705;17;0
4706;17;0
4707;17;0
4708;17;0
4709;17;0
4710;17;0
4711;17;0
4712;17;0
4713;17;0
4714;17;0
4715;17;0
4716;17;0
4717;17;0
4718;17;0
4719;17;0
4720;17;0
4721;17;0
4722;17;0
4723;17;0
4724;17;0
4725;17;0
4726;17;0
4727;17;0
4728;17;0
4729;17;0
4730;17;0
4731;17;0
4732;17;0
4733;17;0
4734;17;0
4735;17;0
4736;17;0
4737;17;0
4738;17;0
4739;17;0
4740;17;0
4741;17;0
4742;17;0
4743;17;0
4744;17;0
4745;17;0
4746;17;0
4747;17;0
4748;17;0
4749;17;0
4750;17;0
4751;17;0
4752;17;0
4753;17;0
4754;17;0
4755;17;0
4756;17;0
4757;17;0
4758;17;0
4759;17;0
4760;17;0
4761;17;0
4762;17;0
4763;17;0
4764;17;0
4765;17;0
4766;17;0
4767;17;0
4768;17;0
4769;17;0
4770;17;0
4771;17;0
4772;17;0
4773;17;0
4774;17;0
4775;17;0
4776;17;0
4777;17;0
4778;17;0
4779;17;0
4780;17;0
4781;17;0
4782;17;0
4783;17;0
4784;17;0
4785;17;0
4786;17;0
4787;17;0
4788;17;0
4789;17;0
4790;17;0
4791;17;0
4792;17;0
4793;17;0
4794;17;0
4795;17;0
4796;17;0
4797;17;0
4798;17;0
4799;17;0
4800;17;0
4801;17;0
4802;17;0
4803;17;0
4804;17;0
4805;17;0
4806;17;0
4807;17;0
4808;17;0
4809;17;0
4810;17;0
4811;17;0
4812;17;0
4813;17;0
4814;17;0
4815;17;0
4816;17;0
4817;17;0
4818;17;0
4819;17;0
4820;17;0
4821;17;0
4822;17;0
4823;17;0
4824;17;0
4825;17;0
4826;17;0
4827;17;0
4828;17;0
4829;17;0
4830;17;0
4831;17;0
4832;17;0
4833;17;0
4834;17;0
4835;17;0
4836;17;0
4837;17;0
4838;17;0
4839;17;0
4840;17;0
4841;17;0
4842;17;0
4843;17;0
4844;17;0
4845;17;0
4846;17;0
4847;17;0
4848;17;0
4849;17;0
4850;17;0
4851;17;0
4852;17;0
4853;17;0
4854;17;0
4855;17;0
4856;17;0
4857;17;0
4858;17;0
4859;17;0
4860;17;0
4861;17;0
4862;17;0
4863;17;0
4864;17;0
4865;17;0
4866;17;0
4867;17;0
4868;17;0
4869;17;0
4870;17;0
4871;17;0
4872;17;0
4873;17;0
4874;17;0
4875;17;0
4876;17;0
4877;17;0
4878;17;0
4879;17;0
4880;17;0
4881;17;0
4882;17;0
4883;17;0
4884;17;0
4885;17;0
4886;17;0
4887;17;0
4888;17;0
4889;17;0
4890;17;0
4891;17;0
4892;17;0
4893;17;0
4894;17;0
4895;17;0
4896;17;0
4897;17;0
4898;17;0
4899;17;0
4900;17;0
4901;17;0
4902;17;0
4903;17;0
4904;17;0
4905;17;0
4906;17;0
4907;17;0
4908;17;0
4909;17;0
4910;17;0
4911;17;0
4912;17;0
4913;17;0
4914;17;0
4915;17;0
4916;17;0
4917;19;0
4918;19;0
4919;19;0
4920;19;0
4921;19;0
4922;19;0
4923;19;0
4924;19;0
4925;19;0
4926;19;0
4927;19;0
4928;19;0
4929;19;0
4930;19;0
4931;19;0
4932;19;0
4933;19;0
4934;19;0
4935;19;0
4936;19;0
4937;19;0
4938;19;0
4939;19;0
4940;19;0
4941;19;0
4942;19;0
4943;19;0
4944;19;0
4945;19;0
4946;19;0
4947;19;0
4948;19;0
4949;19;0
4950;19;0
4951;19;0
4952;19;0
4953;19;0
4954;19;0
4955;19;0
4956;19;0
4957;19;0
4958;19;0
4959;19;0
4960;19;0
4961;19;0
4962;19;0
4963;19;0
4964;19;0
4965;19;0
4966;19;0
4967;19;0
4968;19;0
4969;19;0
4970;19;0
4971;19;0
4972;19;0
4973;19;0
4974;19;0
4975;19;0
4976;19;0
4977;19;0
4978;19;0
4979;19;0
4980;19;0
4981;19;0
4982;19;0
4983;19;0
4984;19;0
4985;19;0
4986;19;0
4987;19;0
4988;19;0
4989;19;0
4990;19;0
4991;19;0
4992;19;0
4993;19;0
4994;19;0
4995;19;0
4996;19;0
4997;19;0
4998;19;0
4999;19;0
5000;19;0
5001;19;0
5002;19;0
5003;19;0
5004;19;0
5005;19;0
5006;19;0
5007;19;0
5008;19;0
5009;19;0
5010;19;0
5011;19;0
5012;19;0
5013;19;0
5014;19;0
5015;19;0
5016;19;0
5017;19;0
5018;19;0
5019;19;0
5020;19;0
5021;19;0
5022;19;0
5023;19;0
5024;19;0
5025;19;0
5026;19;0
5027;19;0
5028;19;0
5029;19;0
5030;19;0
5031;19;0
5032;19;0
5033;19;0
5034;19;0
5035;19;0
5036;19;0
5037;19;0
5038;19;0
5039;19;0
5040;19;0
5041;19;0
5042;19;0
5043;19;0
5044;19;0
5045;19;0
5046;19;0
5047;19;0
5048;19;0
5049;19;0
5050;19;0
5051;19;0
5052;19;0
5053;19;0
5054;19;0
5055;19;0
5056;19;0
5057;19;0
5058;19;0
5059;19;0
5060;19;0
5061;19;0
5062;19;0
5063;19;0
5064;19;0
5065;19;0
5066;19;0
5067;19;0
5068;19;0
5069;19;0
5070;19;0
5071;19;0
5072;19;0
5073;19;0
5074;19;0
5075;19;0
5076;19;0
5077;19;0
5078;19;0
5079;19;0
5080;19;0
5081;19;0
5082;19;0
5083;19;0
5084;19;0
5085;19;0
5086;19;0
5087;19;0
5088;19;0
5089;19;0
5090;19;0
5091;19;0
5092;19;0
5093;19;0
5094;19;0
5095;19;0
5096;19;0
5097;19;0
5098;19;0
5099;19;0
5100;19;0
5101;19;0
5102;19;0
5103;19;0
5104;19;0
5105;19;0
5106;19;0
5107;21;0
5108;21;0
5109;21;0
5110;21;0
5111;21;0
5112;21;0
5113;21;0
5114;21;0
5115;21;0
5116;21;0
5117;21;0
5118;21;0
5119;21;0
5120;21;0
5121;21;0
5122;21;0
5123;21;0
5124;21;0
5125;21;0
5126;21;0
5127;21;0
5128;21;0
5129;21;0
5130;21;0
5131;21;0
5132;21;0
5133;21;0
5134;21;0
5135;21;0
5136;21;0
5137;21;0
5138;21;0
5139;21;0
5140;21;0
5141;21;0
5142;21;0
5143;21;0
5144;21;0
5145;21;0
5146;21;0
5147;21;0
5148;21;0
5149;21;0
5150;21;0
5151;21;0
5152;21;0
5153;21;0
5154;21;0
5155;21;0
5156;21;0
5157;21;0
5158;21;0
5159;21;0
5160;21;0
5161;21;0
5162;21;0
5163;21;0
5164;21;0
5165;21;0
5166;21;0
5167;21;0
5168;21;0
5169;21;0
5170;21;0
5171;21;0
5172;21;0
5173;21;0
5174;21;0
5175;21;0
5176;21;0
5177;21;0
5178;21;0
5179;21;0
5180;21;0
5181;21;0
5182;21;0
5183;21;0
5184;21;0
5185;21;0
5186;21;0
5187;21;0
5188;21;0
5189;21;0
5190;21;0
5191;21;0
5192;21;0
5193;21;0
5194;21;0
5195;21;0
5196;21;0
5197;21;0
5198;21;0
5199;21;0
5200;21;0
5201;21;0
5202;21;0
5203;21;0
5204;21;0
5205;21;0
5206;21;0
5207;21;0
5208;21;0
5209;21;0
5210;21;0
5211;21;0
5212;21;0
5213;21;0
5214;21;0
5215;21;0
5216;21;0
5217;21;0
5218;21;0
5219;21;0
5220;21;0
5221;21;0
5222;21;0
5223;21;0
5224;21;0
5225;21;0
5226;21;0
5227;21;0
5228;21;0
5229;21;0
5230;21;0
5231;21;0
5232;21;0
5233;21;0
5234;21;0
5235;21;0
5236;21;0
5237;21;0
5238;21;0
5239;21;0
5240;21;0
5241;21;0
5242;21;0
5243;21;0
5244;21;0
5245;21;0
5246;21;0
5247;21;0
5248;21;0
5249;21;0
5250;21;0
5251;21;0
5252;21;0
5253;21;0
5254;21;0
5255;21;0
5256;21;0
5257;21;0
5258;21;0
5259;21;0
5260;21;0
5261;21;0
5262;21;0
5263;21;0
5264;23;0
5265;23;0
5266;23;0
5267;23;0
5268;23;0
5269;23;0
5270;23;0
5271;23;0
5272;23;0
5273;23;0
5274;23;0
5275;23;0
5276;23;0
5277;23;0
5278;23;0
5279;23;0
5280;23;0
5281;23;0
5282;23;0
5283;23;0
5284;23;0
5285;23;0
5286;23;0
5287;23;0
5288;23;0
5289;23;0
5290;23;0
5291;23;0
5292;23;0
5293;23;0
5294;23;0
5295;23;0
5296;23;0
5297;23;0
5298;23;0
5299;23;0
5300;23;0
5301;23;0
5302;23;0
5303;23;0
5304;23;0
5305;23;0
5306;23;0
5307;23;0
5308;23;0
5309;23;0
5310;23;0
5311;23;0
5312;23;0
5313;23;0
5314;23;0
5315;23;0
5316;23;0
5317;23;0
5318;23;0
5319;23;0
5320;23;0
5321;23;0
5322;23;0
5323;23;0
5324;23;0
5325;23;0
5326;23;0
5327;23;0
5328;23;0
5329;23;0
5330;23;0
5331;23;0
5332;23;0
5333;23;0
5334;23;0
5335;23;0
5336;23;0
5337;23;0
5338;23;0
5339;23;0
5340;23;0
5341;23;0
5342;23;0
5343;23;0
5344;23;0
5345;23;0
5346;23;0
5347;23;0
5348;23;0
5349;23;0
5350;23;0
5351;23;0
5352;23;0
5353;23;0
5354;23;0
5355;23;0
5356;23;0
5357;23;0
5358;23;0
5359;23;0
5360;23;0
5361;23;0
5362;23;0
5363;23;0
5364;23;0
5365;23;0
5366;23;0
5367;23;0
5368;23;0
5369;23;0
5370;23;0
5371;23;0
5372;23;0
5373;23;0
5374;23;0
5375;23;0
5376;23;0
5377;23;0
5378;23;0
5379;23;0
5380;23;0
5381;23;0
5382;23;0
5383;23;0
5384;23;0
5385;23;0
5386;23;0
5387;23;0
5388;23;0
5389;23;0
5390;23;0
5391;23;0
5392;25;0
5393;25;0
5394;25;0
5395;25;0
5396;25;0
5397;25;0
5398;25;0
5399;25;0
5400;25;0
5401;25;0
5402;25;0
5403;25;0
5404;25;0
5405;25;0
5406;25;0
5407;25;0
5408;25;0
5409;25;0
5410;25;0
5411;25;0
5412;25;0
5413;25;0
5414;25;0
5415;25;0
5416;25;0
5417;25;0
5418;25;0
5419;25;0
5420;25;0
5421;25;0
5422;25;0
5423;25;0
5424;25;0
5425;25;0
5426;25;0
5427;25;0
5428;25;0
5429;25;0
5430;25;0
5431;25;0
5432;25;0
5433;25;0
5434;25;0
5435;25;0
5436;25;0
5437;25;0
5438;25;0
5439;25;0
5440;25;0
5441;25;0
5442;25;0
5443;25;0
5444;25;0
5445;25;0
5446;25;0
5447;25;0
5448;25;0
5449;25;0
5450;25;0
5451;25;0
5452;25;0
5453;25;0
5454;25;0
5455;25;0
5456;25;0
5457;25;0
5458;25;0
5459;25;0
5460;25;0
5461;25;0
5462;25;0
5463;25;0
5464;25;0
5465;25;0
5466;25;0
5467;25;0
5468;25;0
5469;25;0
5470;25;0
5471;25;0
5472;25;0
5473;25;0
5474;25;0
5475;25;0
5476;25;0
5477;25;0
5478;25;0
5479;25;0
5480;25;0
5481;25;0
5482;25;0
5483;25;0
5484;25;0
5485;25;0
5486;25;0
5487;25;0
5488;25;0
5489;25;0
5490;25;0
5491;25;0
5492;25;0
5493;25;0
5494;25;0
5495;25;0
5496;25;0
5497;25;0
5498;25;0
5499;25;0
5500;25;0
